"string_id","source_zh","tokenized_zh","target_ru","target_text"
"1","忍者升级、升星可大幅度提高忍者属性成长，升级属性加成提高。","忍者 升级 、 升星 可 大幅度提高 忍者 属性 成长 ， 升级 属性 加成 提高 。","","Повышение уровня и звёздности ниндзя значительно увеличивает рост их характеристик; бонус к характеристикам от уровня также повышается."
"2","忍者共分为13个星级，只有部分忍者可以突破到13星。","忍者 共 分为 13 个 星级 ， 只有 部分 忍者 可以 突破 到 13 星 。","","У ниндзя всего 13 уровней звёздности, но лишь некоторые ниндзя могут совершить прорыв до 13★."
"3","除血量、攻击、防御、速度4大基本属性外，还有16个特殊属性。","除 血量 、 攻击 、 防御 、 速度 4 大 基本 属性 外 ， 还有 16 个 特殊 属性 。","","Помимо 4 базовых характеристик — HP, атаки, защиты и скорости — есть ещё 16 особых характеристик."
"4","忍者初始质量从低到高为蓝、紫、橙，分别对应3-5星","忍者 初始 质量 从 低 到 高为 蓝 、 紫 、 橙 ， 分别 对应 3 - 5 星","","Начальное качество ниндзя (от низкого к высокому): синее, фиолетовое, оранжевое — соответствует 3–5★."
"5","升星可让部分忍者技能等级可达3级，通过潜能激发可解锁更高等级的技能","升星 可 让 部分 忍者 技能 等级 可达 3 级 ， 通过 潜能 激发 可 解锁 更 高等级 的 技能","","Повышение звёздности позволяет навыкам некоторых ниндзя достигать 3-го уровня; через пробуждение потенциала можно разблокировать навыки более высокого уровня."
"6","消耗忍者进行合成、突破等操作时，会将之前培养所消耗的资源将返还","消耗 忍者 进行 合成 、 突破 等 操作 时 ， 会 将 之前 培养 所 消耗 的 资源 将 返还","","При расходе ниндзя на синтез, прорыв и другие операции все ранее вложенные ресурсы будут возвращены."
"7","技能分为主动和被动。[沉默]阻止主动技能释放","技能 分为 主动 和 被动 。 [ 沉默 ] 阻止 主动 技能 释放","","Навыки делятся на активные и пассивные. [Молчание] запрещает использование активных навыков."
"8","忍者升星时会消耗本体忍者，所以在游戏前期需尽量保留本体","忍者 升星 时会 消耗 本体 忍者 ， 所以 在 游戏 前期 需 尽量 保留 本体","","При повышении звёздности ниндзя расходуются дубликаты этого ниндзя, поэтому на раннем этапе игры старайтесь по возможности сохранять дубликаты."
"9","忍者技能冷却分为2回合与4回合，4回合冷却的技能更加强力","忍者 技能 冷却 分为 2 回合 与 4 回合 ， 4 回合 冷却 的 技能 更加 强力","","Перезарядка навыков ниндзя бывает 2 и 4 хода; навыки с перезарядкой в 4 хода более мощные."
"10","阵容克制会极大提高忍者战斗力，具体表现为增加命中和伤害","阵容 克制 会 极大 提高 忍者 战斗力 ， 具体表现 为 增加 命中 和 伤害","","Контрпики в составе отряда значительно повышают боевую мощь ниндзя: увеличиваются меткость и урон."
"11","开始追讨叛忍时会自动进行扫荡，扫荡关数为昨日最高通关数-3","开始 追讨 叛忍 时会 自动 进行 扫荡 ， 扫荡 关数 为 昨日 最高 通关 数 - 3","","При начале «Охоты на ниндзя-отступников» автоматически выполняется рейд; количество пройденных этапов рейда = вчерашний максимум пройденных этапов − 3."
"12","每次挑战守卫木叶可选择1次增益buff，如果长时间不操作则系统自动选择","每次 挑战 守卫 木叶 可 选择 1 次 增益 buff ， 如果 长时间 不 操作 则 系统 自动 选择","","Каждый раз при испытании «Защита Конохи» можно выбрать 1 усиление (buff). Если долго не выполнять действий, система выберет автоматически."
"13","仙人试炼每2天重置1次，所累积的复活币道具不清空","仙人 试炼 每 2 天 重置 1 次 ， 所 累积 的 复活 币 道具 不 清空","","«Испытание Отшельника» сбрасывается раз в 2 дня; накопленные предметы «Монеты возрождения» не очищаются."
"14","晓·讨伐战除累积伤害奖励和排名奖励外，还有锦鲤奖抽取","晓 · 讨伐 战除 累积 伤害 奖励 和 排名 奖励 外 ， 还有 锦鲤 奖 抽取","","В «Акацуки · Карательном походе» помимо наград за накопленный урон и наград за рейтинг доступен ещё розыгрыш приза «Золотая рыбка»."
"15","精英召唤进行招募获得的精英召唤积分是稳定兑换心仪忍者的途径之一","精英 召唤 进行 招募 获得 的 精英 召唤 积分 是 稳定 兑换 心仪 忍者 的 途径 之一","","Очки элитного призыва, получаемые при найме в «Элитном призыве», — один из стабильных способов обменять их на желаемого ниндзя."
"16","高级招募每次十连必出5星忍者，并有概率出多位5星忍者","高级 招募 每次 十连 必出 5 星 忍者 ， 并 有 概率 出 多位 5 星 忍者","","В «Продвинутом найме» каждая «10 подряд» гарантированно даёт ниндзя 5★, а также есть шанс получить несколько ниндзя 5★."
"17","VIP等级达到3以上时，可消耗召唤获得的积分直接抽取5星忍者","VIP 等级 达到 3 以上 时 ， 可 消耗 召唤 获得 的 积分 直接 抽取 5 星 忍者","","При VIP-уровне 3 и выше можно потратить очки, полученные при призыве, чтобы напрямую разыграть ниндзя 5★."
"303074","当前军粮丸不足","当前 军粮 丸 不足","","Недостаточно армейских пилюль с провиантом."
"303075","自动接取","自动 接取","","Принять автоматически"
"303076","不符合任务条件","不 符合 任务 条件","","Условия задания не выполнены"
"303077","免费扫荡","免费 扫荡","","Бесплатный автопроход"
"303080","今日剩余: {0}次","今日 剩余 :   ⟦PH_1⟧ 次","","Осталось сегодня: ⟦PH_1⟧ раз"
"303084","次数不足","次数 不足","","Недостаточно попыток"
"303085","<color=#000000>每日限购: </c><color={2}>{0}/{1}</color>","< color = # 000000 > 每日 限购 :   < / c > < color = ⟦PH_2⟧ > ⟦PH_1⟧ / ⟦PH_3⟧ < / color >","","<color=#000000>Ежедневный лимит: </c><color=⟦PH_2⟧>⟦PH_1⟧/⟦PH_3⟧</color>"
"303086","免费倒计时:","免费 倒计时 :","","Бесплатно через:"
"303087","未达到{0}级","未 达到 ⟦PH_1⟧ 级","","Не достигнут уровень ⟦PH_1⟧"
"303089","战斗力","战斗力","","Боевая мощь"
"303090","章节","章节","","Глава"
"303091","本服前5名达成的玩家","本服 前 5 名 达成 的 玩家","","Первые 5 игроков на сервере, выполнивших условие"
"303092","荒漠之城","荒漠 之 城","","Город в пустыне"
"303093","购买可获得大量超值忍者养成道具","购买 可 获得 大量 超值 忍者 养成 道具","","Покупка: большое количество выгодных предметов для развития ниндзя"
"303094","是否购买【{0}】","是否 购买 【 ⟦PH_1⟧ 】","","Купить «⟦PH_1⟧»?"
"303095","确定购买此物品吗","确定 购买 此 物品 吗","","Подтвердить покупку этого предмета?"
"303096","购买可获得大量铜币","购买 可 获得 大量 铜币","","Покупка: большое количество монет"
"303097","购买可获得大量尾兽强化道具","购买 可 获得 大量 尾兽 强化 道具","","Покупка: большое количество предметов усиления хвостатых зверей"
"303098","购买可获得大量元素养成道具","购买 可 获得 大量 元素 养成 道具","","Покупка: большое количество предметов развития элементов"
"303099","购买道具","购买 道具","","Купить предмет"
"303100","层数","层数","","Этаж"
"303101","第{0}层","第 ⟦PH_1⟧ 层","","Этаж ⟦PH_1⟧"
"303102","排行榜奖励","排行榜 奖励","","Награды рейтинга"
"303103","竞技场","竞技场","","Арена"
"303104","积分","积分","","Очки"
"303105","深渊排行榜","深渊 排行榜","","Рейтинг Бездны"
"303106","试炼排行榜","试炼 排行榜","","Рейтинг Испытаний"
"303107","组织排行榜","组织 排行榜","","Рейтинг организации"
"303108","暂无","暂无","","Нет"
"303109","首领:{0}","首领 : ⟦PH_1⟧","","Лидер: ⟦PH_1⟧"
"303110","保存设置","保存 设置","","Сохранить настройки"
"303111","任务质量","任务 质量","","Качество задания"
"303112","此处勾选，每次刷新可自动消耗军粮丸接取任务","此处 勾选 ， 每次 刷新 可 自动 消耗 军粮 丸 接取 任务","","Отметьте здесь, и при каждом обновлении будет автоматически расходоваться пилюля провизии, чтобы взять задание."
"303113","高级设置","高级 设置","","Расширенные настройки"
"303114","开始","开始","","Старт"
"303117","开始扫荡后，可通过拖动下方摇杆操控车辆碰撞物资以积累更高积分","开始 扫荡 后 ， 可 通过 拖动 下方 摇杆 操控 车辆 碰撞 物资 以 积累 更高 积分","","После начала зачистки можно, перетаскивая джойстик внизу, управлять машиной и врезаться в припасы, чтобы набрать больше очков."
"303123","可前往悬赏界面接取任务以消耗情报","可 前往 悬赏 界面 接取 任务 以 消耗 情报","","Можно перейти на экран наград и взять задания, чтобы потратить разведданные."
"303124","当前悬赏情报即将达到上限，继续可能会溢出浪费，是否继续？","当前 悬赏 情报 即将 达到 上限 ， 继续 可能 会 溢出 浪费 ， 是否 继续 ？","","Разведданные по наградам почти достигли лимита. Если продолжить, часть может переполниться и пропасть. Продолжить?"
"303125","{0} 解锁","⟦PH_1⟧   解锁","","Разблокировать ⟦PH_1⟧"
"303131","恭喜升级","恭喜 升级","","Поздравляем с повышением уровня"
"303132","出征/竞技场","出征 / 竞技场","","Поход / Арена"
"303133","开始战斗","开始 战斗","","Начать бой"
"303134","交换","交换","","Обмен"
"303135","阵容二","阵容 二","","Состав 2"
"303136","阵容一","阵容 一","","Состав 1"
"303137","剧情/竞技场","剧情 / 竞技场","","Сюжет / Арена"
"303138","忍者联赛","忍者 联赛","","Лига ниндзя"
"303139","组队挑战","组队 挑战","","Командный вызов"
"303140","火影对决","火影 对决","","Поединок Хокагэ"
"303141","未达到开启等级","未 达到 开启 等级","","Уровень открытия не достигнут"
"303142","已售罄","已 售罄","","Распродано"
"303143","暂无修行收益，请耐心等待...","暂无 修行 收益 ， 请 耐心 等待 ...","","Пока нет дохода от тренировки, пожалуйста, подождите…"
"303145","兽魂","兽魂","","Душа зверя"
"303146","Lv.{0} {1}","Lv . ⟦PH_1⟧   ⟦PH_3⟧","","Ур. ⟦PH_1⟧   ⟦PH_3⟧"
"303147","技能:","技能 :","","Навык:"
"303148","请上阵尾兽","请 上阵 尾兽","","Пожалуйста, выставьте хвостатого зверя"
"303149","暂无尾兽","暂无 尾兽","","Хвостатых зверей нет"
"303150","长按忍者头像可查询详细信息","长 按 忍者 头像 可 查询 详细信息","","Нажмите и удерживайте аватар ниндзя, чтобы посмотреть подробную информацию"
"303151","无冷却时间","无 冷却 时间","","Без времени перезарядки"
"303152","被动效果","被动 效果","","Пассивный эффект"
"303153","<color=#00000>{0}</c><color=#00000> Lv.{1}</color>","< color = # 00000 > ⟦PH_1⟧ < / c > < color = # 00000 >   Lv . ⟦PH_3⟧ < / color >","","< color = # 00000 > ⟦PH_1⟧ < / c > < color = # 00000 >   Ур. ⟦PH_3⟧ < / color >"
"303154","可添加","可 添加","","Можно добавить"
"305833","<color=#ffffff>选择一条</c><color=#f6bd0f>新增</color><color=#ffffff>的属性</c>","< color = # ffffff > 选择 一条 < / c > < color = # f6bd0f > 新增 < / color > < color = # ffffff > 的 属性 < / c >","","< color = # ffffff > Выберите один < / c > < color = # f6bd0f > новый < / color > < color = # ffffff > параметр < / c >"
