string_id,source_zh
1,蹇嶈€呭崌绾с€佸崌鏄熷彲澶у箙搴︽彁楂樺繊鑰呭睘鎬ф垚闀匡紝鍗囩骇灞炴€у姞鎴愭彁楂樸€?
2,蹇嶈€呭叡鍒嗕负13涓槦绾э紝鍙湁閮ㄥ垎蹇嶈€呭彲浠ョ獊鐮村埌13鏄熴€?
3,闄よ閲忋€佹敾鍑汇€侀槻寰°€侀€熷害4澶у熀鏈睘鎬у锛岃繕鏈?6涓壒娈婂睘鎬с€?
4,蹇嶈€呭垵濮嬭川閲忎粠浣庡埌楂樹负钃濄€佺传銆佹锛屽垎鍒搴?-5鏄?
5,鍗囨槦鍙閮ㄥ垎蹇嶈€呮妧鑳界瓑绾у彲杈?绾э紝閫氳繃娼滆兘婵€鍙戝彲瑙ｉ攣鏇撮珮绛夌骇鐨勬妧鑳?
6,娑堣€楀繊鑰呰繘琛屽悎鎴愩€佺獊鐮寸瓑鎿嶄綔鏃讹紝浼氬皢涔嬪墠鍩瑰吇鎵€娑堣€楃殑璧勬簮灏嗚繑杩?
7,鎶€鑳藉垎涓轰富鍔ㄥ拰琚姩銆俒娌夐粯]闃绘涓诲姩鎶€鑳介噴鏀?
8,蹇嶈€呭崌鏄熸椂浼氭秷鑰楁湰浣撳繊鑰咃紝鎵€浠ュ湪娓告垙鍓嶆湡闇€灏介噺淇濈暀鏈綋
9,蹇嶈€呮妧鑳藉喎鍗村垎涓?鍥炲悎涓?鍥炲悎锛?鍥炲悎鍐峰嵈鐨勬妧鑳芥洿鍔犲己鍔?
10,闃靛鍏嬪埗浼氭瀬澶ф彁楂樺繊鑰呮垬鏂楀姏锛屽叿浣撹〃鐜颁负澧炲姞鍛戒腑鍜屼激瀹?
11,寮€濮嬭拷璁ㄥ彌蹇嶆椂浼氳嚜鍔ㄨ繘琛屾壂鑽★紝鎵崱鍏虫暟涓烘槰鏃ユ渶楂橀€氬叧鏁?3
12,姣忔鎸戞垬瀹堝崼鏈ㄥ彾鍙€夋嫨1娆″鐩奲uff锛屽鏋滈暱鏃堕棿涓嶆搷浣滃垯绯荤粺鑷姩閫夋嫨
13,浠欎汉璇曠偧姣?澶╅噸缃?娆★紝鎵€绱Н鐨勫娲诲竵閬撳叿涓嶆竻绌?
14,鏅撀疯浼愭垬闄ょ疮绉激瀹冲鍔卞拰鎺掑悕濂栧姳澶栵紝杩樻湁閿﹂菠濂栨娊鍙?
15,绮捐嫳鍙敜杩涜鎷涘嫙鑾峰緱鐨勭簿鑻卞彫鍞ょН鍒嗘槸绋冲畾鍏戞崲蹇冧华蹇嶈€呯殑閫斿緞涔嬩竴
16,楂樼骇鎷涘嫙姣忔鍗佽繛蹇呭嚭5鏄熷繊鑰咃紝骞舵湁姒傜巼鍑哄浣?鏄熷繊鑰?
17,VIP绛夌骇杈惧埌3浠ヤ笂鏃讹紝鍙秷鑰楀彫鍞よ幏寰楃殑绉垎鐩存帴鎶藉彇5鏄熷繊鑰?
18,蹇嶈€呰儗鍖呮牸瀛愪笂闄愬彲閫氳繃鎻愬崌VIP绛夌骇鎴栨秷鑰楅噾甯佹彁鍗?
19,姣忎竴鏈熺殑杞崲娲诲姩閮戒細鏈夋帓鍚嶅鍔憋紝鍖呭惈澶ч噺閲戝竵鍜岄珮绾ф帰瀹濆埜
20,鐜╁鍙秷鑰楅噾甯佽繘琛屾敼鍚嶏紝棣栨鏀瑰悕鍏嶈垂锛屼箣鍚庝粎闇€浣庨閲戝竵
21,鍙秷鑰楃粍缁囪础鐚崌绾у叚閬撲箣鍔涳紝鍏亾涔嬪姏鍙櫨鍒嗘瘮鎻愰珮蹇嶈€呭睘鎬?
22,甯冮樀涓悓鍚嶅繊鑰呮棤娉曞悓鏃朵笂闃碉紝鍗充娇鏄ソ鍙嬫敮鎻寸殑鍚屽悕蹇嶈€?
23,蹇嶈€呭湪璇搷浣滃崌鏄熷悗锛屽彲鍦ㄥ繊鑰呴噸鐢熶腑娑堣€椾竴瀹氶亾鍏峰叏棰濋€€鍥炶祫婧?
24,蹇嶈€呬笂闃靛悗锛屽彲鍚姩瀵瑰簲闃佃惀鐨勫睘鎬у骞咃紝涓哄繊鑰呮彁楂樼櫨鍒嗘瘮灞炴€?
25,鍦ㄥ繊浼犱腑鍙幏寰楀己鍔涘繊閬擄紝瑁呭鍚庡湪鎴樻枟涓寔缁负蹇嶈€呮彁楂樺睘鎬?
26,闄ょ珵鎶€鍦篜K澶栵紝姣忓懆涓ゆ鐨勫繊鑰呭鍐崇珵鐚滄槸鑾峰緱澹版湜鐨勭ǔ瀹氶€斿緞
27,蹇嶈€呭皬闃熺殑鑱屼笟缁勫悎鍗佸垎閲嶈锛屾渶濂借兘鏀诲嚮銆侀槻寰′笌娌荤枟涓夎€呭吋澶?
28,闅忕潃鍥炲悎鏁扮殑澧炲姞锛屼細寮€鍚喅鎴樻ā寮忥紝閫愭笎鎻愰珮鍏ㄤ綋蹇嶈€呬激瀹?
29,涓嶉渶瑕佺殑蹇嶈€呮渶濂戒笉瑕佸垎瑙ｏ紝鍙互鐢ㄤ綔涓诲姏蹇嶈€呯殑鍗囨槦鏉愭枡
30,鏈夋椂鍊欓潪涓绘祦闃靛浠ｈ〃鐨勫苟涓嶆槸涓嶅己锛岃€屾槸灏氭湭琚惌閰嶄笌寮€鍙?
40,澶╀笅澶у娍锛岄潪涔呭繀娆э紒
41,濡傛灉骞哥鏈夐鑹诧紝閭ｄ竴瀹氭槸閲戣壊
42,杩愭皵鐖嗘锛屾鐨囬檮浣擄紒
43,鎰熷彈涓€涓嬪ぉ閫変箣瀛愭鐨囩殑姘旀伅
50,鍒囧嬁鐩镐俊浠讳綍绗笁鏂圭閬擄紝璋ㄩ槻璇堥獥锛?
51,璇峰嬁鐩镐俊鑱婂ぉ涓€佸厬鎹㈢爜淇℃伅锛岃皑闃茶瘓楠椼€?
52,璀︽儠鑱婂ぉ涓彂鍏戞崲鐮佺殑璇堥獥妯″紡锛?
53,鍒囧嬁闅忔剰閫氳繃娓告垙澶栬亰澶╃敵璇凤紝涓嶇粰楠楀瓙鍙箻涔嬫満銆?
54,鍒囪闈炲畼鏂逛汉鍛樺姞鑱旂郴鏂瑰紡鐨勯兘鏄瘓楠楄涓猴紒
55,鐗㈣澶╀笂涓嶄細鎺夐楗硷紝涓嶈鐩镐俊闈炲畼鏂逛汉鍛橈紒
70,鎶ょ浘鍏嶄激
71,闄嶆敾闄嶇枟
72,娌荤枟閲嶇敓
73,鍓婇槻鐪熶激
74,缇や綋澧為€?
75,鍓嶆帓鎺у埗
76,鏀诲嚮鍣彇
77,娈嬭鏀跺壊
78,鍗曚綋椹辨暎
79,鐢熷懡鎭㈠
80,闊ф€ф彁鍗?
81,缇や綋鐏肩儳
82,鍘嬪埗杈撳嚭
83,鍗曚綋鎺у埗
84,缇や綋澧炴敾
85,鍗曚綋鎭㈠
86,鍗曚綋鍘嬪埗
87,鍓嶆帓鐮撮槻
88,鍙嶄激
89,鏅敾杩炲嚮
90,鎶€鑳借繛鍑?
91,鎶楃牬鐢?
92,鍚歌
93,鎶楀惛琛€
94,鎶楁毚浼?
55565,闃块
203091,闃块
54556,鑹?
104,涔濆枃鍢?
105,涓冨熬路閲嶆槑
203061,鑹?
107,鏃佺櫧
108,浜屽熬路鍙堟梾
109,鏆楅儴鎴愬憳
110,鈥滄檽鈥濇垚鍛?
111,鍏熬路鐗涢
112,涓夊熬路鍑犳姎
114,鍗佸熬
115,澶栭亾榄斿儚
116,鐞?
182,鐨偆瑙夐啋
201,杈惧吂绾冲笀鍌?
202,鏉戞皯
203,瀹堝崼
230,銆愪笅蹇嶃€戞垨浠ヤ笂
231,銆愪腑蹇嶃€戞垨浠ヤ笂
232,銆愪笂蹇嶃€戞垨浠ヤ笂
233,銆愮簿鑻便€戞垨浠ヤ笂
234,銆愬奖绾с€戞垨浠ヤ笂
235,銆愯秴褰便€戞垨浠ヤ笂
236,銆愪粰浜恒€戞垨浠ヤ笂
237,浠绘剰
238,鐢熷懡
239,鏀诲嚮
240,鍙嶄激
241,鏍兼尅
242,鐪熶激
243,鏆村嚮
244,闂伩
245,浠绘剰
246,鐢熷懡
247,鏀诲嚮
248,鎶楀弽浼?
249,鎶楁牸鎸?
250,鎶楃湡浼?
251,鎶楁毚
252,鍛戒腑
253,浠绘剰
254,瀹囨櫤娉㈣鑴?
255,鍗冩墜琛€鑴?
256,婕╂丁琛€鑴?
257,鏃ュ悜琛€鑴?
501,鍧犲叆姊﹀
502,闅斾笘涔嬫ⅵ
503,涔濆熬鏆磋蛋
504,姊︾殑寮€绔?
506,姝讳骸妫灄
507,澶ц泧涓哥幇韬?
508,棰勯€夎禌
509,鑷潵涔熻缁?
510,鏈ㄥ彾鏉戝嵄鏈?
511,鎮祻鐚庝汉
512,鐏奖绾ф垬鏂?
513,榧殑澶嶈繑
514,涓夊繊鍐虫垬
515,鍗″崱瑗块潰鐩?
516,鑼朵箣鍥?
517,瑁傜紳
518,浣愬姪鍑鸿蛋
519,杩藉浣愬姪
520,鎸佺画浣滄垬
521,缁堢粨璋蜂箣鎴?
522,瀵绘壘澶ц泧涓?
523,姘存湪瓒婄嫳
524,褰掍埂
525,鐮傞殣鍗辨満
526,鏈ㄥ彾鏁戞彺
527,鐩镐細
528,鎴戠埍缃椾箣姝?
529,澶哄洖锛屽娲?
530,涔濆熬瑙ｆ斁
531,瀵绘壘浣愬姪
532,琚ず鐨勬案鐪?
533,榛勬硥鐨勫菇榄?
117,灏戝勾甯﹀湡
701,绗洓娆″繊鐣屽ぇ鎴橈紝鏁翠釜蹇嶇晫鐮村ぉ鑽掑湴鍥㈢粨涓€蹇冿紝缁勬垚蹇嶇晫鑱斿啗锛屼负浜嗛樆姝㈡枒鍜屽甫鍦熺殑鎯婂ぉ闃磋皨鑰屾垬銆傚嚑缁忓嵄闅撅紝婕╂丁楦ｄ汉缁堜簬绔欏埌浜嗘晫浜虹殑闈㈠墠銆傜劧鑰岋紝鍛借繍鐨勯娇杞苟鏈洜浠栧拰浼欎即浠殑鎴樻枟鑰屽仠姝囥€備紶璇翠腑鐨勬渶寮虹鏈€斺€旀棤闄愭湀璇荤粓浜庡彂鍔紝鏁翠釜蹇嶇晫閮藉彈鍒板奖鍝嶏紝鍧犲叆浜嗘ⅵ澧冧箣涓€傚甫鍦熸浘璇达紝鏃犻檺鏈堣鐨勪笘鐣屾病鏈夌悍浜夛紝涔熸病鏈変笉骞革紝鎵€鏈変汉閮借兘寰楀埌瀹岀編鐨勫垢绂忋€傜劧鑰屽睍鐜板湪楦ｄ汉闈㈠墠鐨勶紝鍗存槸涓€涓贩涔辫€屽穿鍧忕殑涓栫晫锛佽櫄鍋囩殑姊﹀骞朵笉鑳藉甫鏉ョ湡姝ｇ殑骞哥锛屽繀椤昏璁╁ぇ瀹朵粠鏃犻檺鏈堣鐨勪笘鐣屼腑娓呴啋杩囨潵锛?
702,鏂戝拰甯﹀湡鐨勬棤闄愭湀璇诲垰鍒氬畬鎴愶紝绌洪棿杩樺浜庡崄鍒嗕笉绋冲畾鐨勭姸鎬侊紝鎴栬瓒佹鏈轰細鏄湁鍙兘鎵撶牬杩欎釜铏氬亣鐨勪笘鐣岀殑銆備絾鏄墠鏉ラ樆鎸犵殑鏁屽啗涓嶆柇鍦板彂璧疯繘鏀汇€傛浘缁忔兒鎯虹浉鎯滅殑瀵规墜锛屼竴璧锋垬鏂楄繃鐨勬寶鍙嬶紝鐢氳嚦鏄娴撲簬姘寸殑浜蹭汉锛岀珶鐒堕兘鎴愪负浜嗙┖铏氬够褰辩殑椹卞３锛屼笉椤句竴鍒囧湴闃绘楦ｄ汉鍓嶈繘銆備絾鏄浜庝竴涓繁澶勫湪姊﹀涔嬩腑鐨勪汉鏉ヨ锛屾垨璁告瘮璧峰涓嶉【韬湴鎯宠瀵规姉鍛借繍锛岃繕鏄斁寮冩專鎵庢矇閱変簬姊︿埂鏇翠负鈥滄竻閱掆€濄€?
703,闅忕潃鍦ㄦ棤闄愭湀璇荤殑涓栫晫涓笉鏂繁鍏ワ紝楦ｄ汉缁堜簬鍦ㄧ牬纰庣殑鏈ㄥ彾鏉戜腑鎵惧埌浜嗕竴鍒囩殑濮嬩綔淇戣€呪€斺€斿畤鏅烘尝甯﹀湡銆傚彧闇€瑕佸璁板繂瀹屾垚鏈€鍚庣殑淇锛岄櫡鍏ュ够鏈殑鎵€鏈変汉閮藉皢蹇樿杩欐槸铏氬够鐨勪笘鐣岋紝姘歌繙娌夌潯鍦ㄨ繖瀹岀編鐨勬ⅵ澧冧箣涓€傝€屽甫鍦熶竴鐩存€濆康鐨勭惓锛屼篃鍙互鍦ㄨ繖涓笘鐣屼腑瀛樺湪锛屽彧闇€瑕佽繖涓€涓師鍥狅紝灏辫冻浠ヨ甯﹀湡涓嶉【涓€鍒囧湴瀹屾垚杩欎釜绌哄墠缁濆悗鐨勬湳銆傜幇鍦ㄩ樆鎸″湪浠栭潰鍓嶇殑锛屽氨鍙墿涓嬮福浜哄拰浠栫殑鍑犱釜浼欎即銆傚嵆渚夸粬浠€夋嫨鍙嶆姉锛屽甫鍦熶篃鎰挎剰涓轰粬浠祼浜堝畨瀹佺殑缇庢ⅵ锛屼簬鏄粬鍦ㄦⅵ澧冧腑鍒涢€犲嚭浜嗕節鍠囧槢锛岃鐢ㄥ畠鐨勫姏閲忓鎵€鏈変汉鐨勮蹇嗚繘琛屾渶鍚庣殑淇銆傝繖鏄福浜虹殑瀹垮懡涔嬫垬锛屾洿鏄喅瀹氬繊鐣屽懡杩愪箣鎴樸€?
704,杩欐槸涓€鍦烘儕澶╁姩鍦扮殑鎴樻枟锛岄福浜哄拰浠栫殑鑰佹湅鍙嬩節鍠囧槢涓嶅緱涓嶅睍寮€娈婃涓€鎴橈紝鐒惰€屾渶缁堥福浜哄け璐ヤ簡銆傚甫鍦熺殑鏃犻檺鏈堣缁堜簬瀹屾垚锛屾墍鏈変汉鐨勮蹇嗛兘琚慨姝ｃ€傝€岄福浜轰篃蹇樿浜嗕竴鍒囷紝鍙樺洖浜嗛偅涓嚑骞村墠鍒氫粠蹇嶈€呭鏍℃瘯涓氱殑灏戝勾銆傚啀娆′笌灏忔ū浣愬姪鐩搁亣锛屽啀娆″湪鍗″崱瑗胯€佸笀鐨勫甫棰嗕箣涓嬬粍鎴愪簡绗竷鐝紝鍐嶆缁忓巻浜嗘尝涔嬪浗涓庡啀涓嶆柀鍜岀櫧鎯婇櫓鐨勪竴鎴樸€備竴鍒囧張濡傝疆鍥炰竴鑸啀搴﹂噸鐜帮紝鐒惰€岃繖涓嶈繃鏄竴鍦烘ⅵ鐨勫紑绔€︹€?
705,鍦ㄧ涓冪彮鍥炲埌鏈ㄥ彾鏉戞椂锛屽叾浠栨潙瀛愮殑蹇嶈€呬滑閮藉紑濮嬮檰缁仛闆嗗湪姝ゃ€備腑蹇嶈€冭瘯鍗冲皢寮€濮嬶紝鍗″崱瑗垮悜鐏奖鎺ㄨ崘楦ｄ汉銆佷綈鍔┿€佹ū涓変汉鍙傚姞涓繊鑰冭瘯锛屼笁浜哄姝よ嚜淇℃弧婊°€備腑蹇嶈€冭瘯姝ｅ紡寮€濮嬨€傞福浜鸿櫧閬囧埌鑷繁鏈€涓嶆搮闀跨殑绗旇瘯锛屼絾涓轰簡鏁翠釜鍥㈤槦锛岄福浜哄湪鍑犱箮鏄櫧鍗风殑鍩虹涓婁篃娌℃湁鏀惧純绗崄棰樸€傛渶鍚庯紝楦ｄ汉缁堜簬閫氳繃浜嗚€冭瘯銆?
706,涓繊鑰冭瘯绗簩椤规祴璇曗€斺€旀浜℃．鏋椼€傝繖鍦鸿€冩牳铏藉悕涔変笂鏄竴鍦虹敓瀛樿兘鍔涙祴璇曪紝鑰屽疄闄呬笂鍒欐槸涓€鍦轰笉鎷╂墜娈电殑鍗疯酱浜夊ず鎴橈紝鍙湁鍥㈤槦鍏卞悓闆嗛綈浜嗗ぉ涓庡湴鍗疯酱鎵嶈兘椤哄埄閫氳繃杩欏満娴嬭瘯銆備絾鍦ㄨ€冭瘯鏈熼棿锛屾湁涓€浣嶇绉樹汉鍙樿韩涓洪福浜烘贩鍏ョ涓冪彮锛岃櫧鐒惰浣愬姪璇嗙牬锛屽彲涓変汉鍗村苟涓嶆槸绁炵浜虹殑瀵规墜銆?
707,楦ｄ汉涓庝綈鍔╂帴杩炲鎶楃绉樹汉锛屼綈鍔╀娇鐢ㄥ啓杞溂鎿嶉杞︿笁涔嬪ぇ鍒€鎺у埗浣忕绉樹汉锛岄厤鍚堢伀閬侀緳鐏箣鏈嵈鍙儳鎺変簡绁炵浜虹殑澶栫毊銆傜绉樹汉鑷О涓哄ぇ铔囦父锛岃瀵间綈鍔╁０绉拌兘甯︾粰浣愬姪鍔涢噺锛屾渶鍚庡湪浣愬姪鑴栧瓙涓婄暀涓嬩簡涓€涓拻鍗般€備箣鍚庯紝涓変汉鍘嗙粡闃荤銆佸湪浼欎即甯姪涓嬩笌纾ㄩ毦鍚庯紝缁堜簬鍑戦綈浜嗗嵎杞淬€?
708,鎶佃揪缁堢偣涔嬪鍚庯紝浼婇瞾鍗″甯冧笁浜洪『鍒╅€氳繃浜嗙浜屽満鑰冭瘯銆傜敱浜庨€氳繃鑰冭瘯鐨勪汉鏁拌繃澶氾紝鐏奖鍦ㄧ涓夊満娴嬭瘯鍓嶈繘琛屼簡涓€鍦洪閫夎禌銆傞閫夎禌閲囧彇1V1鐨勬柟寮忥紝鑳滆€呮檵绾с€傝嵂甯堝厹杩樻湭寮€濮嬩究閫夋嫨寮冩潈銆備綈鍔╁闃佃丹鑳撮摖涓埄鐢ㄨ嚜宸卞垱閫犵殑浣撴湳鎷涘紡鍑昏触浜嗚丹鑳撮摖锛涙ū瀵归樀姝诲澶翠簳閲庯紝鍦ㄤ腑鎷涘績杞箣鏈椂琚福浜哄敜閱掞紝绮剧柌鍔涘敖鐨勪袱浜轰娇鍑烘渶鍚庝竴鍑伙紝鍙屾柟鍚屾椂鍊掑湴瀵艰嚧骞冲眬銆傞福浜哄闃电墮鍜岃丹涓革紝鍗充娇琚墦寰楁棤杩樻墜涔嬪姏涔熷苟涓嶆斁寮冿紝骞朵娇鐢ㄥ弽闂磋鍜屽閲嶅奖鍒嗚韩涔嬫湳鎵撹触浜嗚丹涓稿拰鐗欍€?
709,涓轰簡澶囨垬鍚庣画鐨勪腑蹇嶈€冭瘯锛屽崱鍗¤タ涓洪福浜虹墿鑹蹭簡涓€鍚嶅疄鍔涘己鍔茬殑澶ц壊鐙兼儬姣斿浣滀负楦ｄ汉鐨勮€佸笀銆傜敱浜庨福浜轰笉婊℃儬姣斿锛屽湪鑷潵涔熸墦鏅曞洜鎵撴壈鑷潵涔熷伔绐ュコ娴村鐨勬儬姣斿鍚庯紝浣跨敤鑹茶涔嬫湳璁╄嚜鏉ヤ篃甯︿粬淇偧銆傝嚜鏉ヤ篃閽堝楦ｄ汉浣撳唴鎷ユ湁寮哄ぇ鏌ュ厠鎷夌殑鐗硅川锛屼负楦ｄ汉璁惧畾浜嗕笓灞炵殑淇偧鏂瑰紡骞朵娇鐢ㄦ帴杩戞浜＄殑杈圭紭鏂瑰紡婵€鍙戦福浜鸿€屽皢鍏舵帉鎻￠€氱伒涔嬫湳銆傞福浜哄彫鍞ゅ嚭铔よ焼鑰佸ぇ鏂囧お骞堕€氳繃浜嗘枃澶殑鑰冮獙锛屾枃澶粰浜堥福浜烘瀬妫掔殑璇勪环銆?
710,鍦ㄤ綈鍔╀笌鏉ヨ嚜椋庝箣鍥铰风爞闅愭潙鎴戠埍缃楃殑姣旇禌鎴樻枟涓紝浣愬姪浣跨敤鑷繁鏂板浼氱殑蹇嶆湳鍗冮笩骞舵妸鎴戠埍缃楃殑娌欑浘璐┛锛岃€屾垜鐖辩綏鍥犳鍙椾激銆傛鏃讹紝鐮傚繊绐佺劧瀵规湪鍙跺繊鑰呭彂鍔ㄤ簡鏀诲嚮锛岀湅鍙颁笂鐨勯褰变篃椤哄娍鎸熸寔浜嗙伀褰辫€屽ぇ铔囦父鎵嬩笅鐨勯煶蹇嶄篃鍚屾椂閲婃斁浜嗗洓绱値闃靛洶浣忎簡鐏奖銆傚皝鍗伴樀鍐咃紝椋庡奖闇插嚭浜嗙湡闈㈢洰锛岀珶鐒舵槸鍙涢€冩湪鍙剁殑澶ц泧涓搞€備細鍦洪】鏃跺ぇ涔憋紝鑰屾垜鐖辩綏鍦ㄧ爞蹇嶅緱鎺╂姢涓嬫挙閫€锛屼綈鍔╁垯涓€璺拷鍑绘垜鐖辩綏銆?
711,鍗″崱瑗垮憡鐭ュ皬妯憋紝杩欏皢鏄尝涔嬪浗浠ユ潵鐨凙绾т换鍔°€傞福浜猴紝楣夸父銆佹ū鍜屽悕涓哄笗鍏嬬殑灏忕嫍鍓嶅幓杩借釜浣愬姪骞堕樆姝綈鍔╃殑琛屽姩锛屼絾浠栦滑鑳屽悗鍗存湁闊冲繊鍦ㄥ叾璺熻釜銆傝櫧鐒跺ぇ瀹跺惉浠庡紩璺殑甯曞厠寤鸿锛岃缃簡闄烽槺闃绘嫤杩藉叺锛屼絾鏄煶蹇嶅苟娌℃湁涓銆傚叾鍚庯紝楣夸父浠ヨ嚜韬负璇遍サ寮曞紑闊冲繊銆傝€岄福浜哄拰妯卞強鏃惰刀鍒帮紝灏嗚澶ц泧涓稿拻鍗扮紶韬殑浣愬姪鑴辩鍗辨満銆傚湪楦ｄ汉鐨勬剰蹇椾笅锛岄€氱伒鍑鸿洡锜嗚€佸ぇ鏂囧お锛屾枃澶拰楦ｄ汉鍚堜綋鍙樿韩鍚庨福浜轰竴璁板ご妲屽皢鎴戠埍缃楀嚮璐ャ€?
712,鍙︿竴杈癸紝缁撶晫涓殑鐏奖鍜屽ぇ铔囦父杩涘叆浜嗘縺鐑堢殑鎴樻枟鐘舵€併€傚弻鏂逛笉鐩镐笂涓嬶紝浣嗗湪澶ц泧涓镐娇鐢ㄧЫ鍦熻浆鐢熷彫鍞や簡涓€浜屼唬鐩伀褰卞悗锛屼粬浠彧鑳借澶ц泧涓告搷绾靛苟鍙屽弻鑱旀墜鍚戜笁浠ｇ洰鐏奖鏀诲嚮銆備笁浠ｇ洰鐏奖闅忓嵆鍙敜鐚块瓟瀵规姉锛屼絾宸插姏涓嶄粠蹇冦€備絾鍦ㄥぇ铔囦父鍚戜笁浠ｇ伀褰卞睍绀哄嚭鍒╃敤涓嶆杞敓鑰屾垚鍔熶镜鍗犺倝韬殑濂冲繊鑰呴潰瀛斿悗锛屼笁浠ｇ伀褰卞彧鑳戒娇鐢ㄥ綋骞村洓浠ｇ伀褰卞皝鍗颁節灏剧殑蹇嶆湳鈥滃案楝煎皝灏解€濄€傜敱浜庡湪灏佸嵃杩囩▼琚ぇ铔囦父鍒轰激锛屾渶缁堝彧灏佸嵃浜嗗ぇ铔囦父鐨勫弻鎵嬨€?
713,涓轰簡瀹屾垚鏅撶粍缁囩殑鏈€楂樺懡浠ゅ鎵剧鍥涗唬鐏奖鐨勯仐浜р€斺€旀缉娑￠福浜猴紝瀹囨櫤娉㈤棘甯︾潃楝奸矝閲嶈繑鏈ㄥ彾蹇嶈€呮潙銆傞樋鏂帥鍜岀孩琚畨鎺掕窡韪洃瑙嗛棘涓庨椴涚殑琛屽姩锛屽嵈涓嶆枡琚彂鐜帮紝琚墦寰楄妭鑺傝触閫€銆傚崱鍗¤タ鍙婃椂鍑虹幇鍗翠篃鍥犻櫡鍏ュ畤鏅烘尝榧殑涓囪姳绛掑啓杞溂鑰岀簿绁炴叮鏁ｏ紝鐩村埌杩堢壒鍑殑鐩稿姪锛岄棘鍜岄椴涢€夋嫨鎾ら€€缁х画瀵绘壘楦ｄ汉銆傚彟涓€杈癸紝鑷潵涔熷甫鐫€楦ｄ汉鍗曠嫭淇偧锛岃€屼綈鍔╁緱鐭ラ棘宸插嚭鐜板苟鍦ㄥ鎵鹃福浜恒€傜劧鑰岋紝榧瘮浣愬姪鍏堣鎵惧埌楦ｄ汉骞舵墦绠楀己琛屽甫璧般€備綈鍔╁紑鍚崈楦熷悜榧彂璧锋敾鍑伙紝楦ｄ汉鏋佸姏閲婃斁涔濆熬鏌ュ厠鎷変絾鍗磋楝奸矝鐨勯矝鑲屽惛鏀躲€傝嚜鏉ヤ篃鍙婃椂鍑虹幇锛屽苟鐢ㄥ博瀹胯洡锜嗛閬撳洶浣忎簡榧紝浣嗛棘鏈€鍚庝娇鐢ㄥぉ鐓ч€冭劚銆?
714,鍦ㄨ嚜鏉ヤ篃涓庨福浜鸿楂樺眰娲惧幓灏嗚鎸囨淳涓虹浜斾唬鐩伀褰辩翰鎵嬪甫鍥炴湪鍙舵潙鍚庯紝澶ц泧涓稿鎵惧埌绾叉墜骞舵兂涓庝箣浜ゆ槗锛岃€屽悗鑷潵涔熷拰楦ｄ汉鍦ㄥ眳閰掑眿鎵惧埌浜嗙翰鎵嬨€傜翰鎵嬫嫆缁濇垚涓虹伀褰卞苟瀵硅嚜鏉ヤ篃涓嬭嵂瀛よ韩鍓嶈澶ц泧涓搞€傚洜鏈€鍚庣翰鎵嬫嫆缁濆ぇ铔囦父鑰岃Е鍙戜簡涓や汉鎭舵垬銆傚厹浠ｆ浛澶ц泧涓稿嚭鎴橈紝骞跺埄鐢ㄧ翰鎵嬫€曡鐨勫急鐐瑰皝閿佺翰鎵嬬殑琛屽姩銆傞潤闊充笌楦ｄ汉璧跺線鐜板満锛岄福浜轰负鍒舵鍏滆€屼笉鎯滃彈浼わ紝绾叉墜涓哄府楦ｄ汉鎸″墤鍏嬫湇浜嗗琛€鐨勬亹鎯с€傝嚜鏉ヤ篃銆佺翰鎵嬨€佸ぇ铔囦父涓変汉涔嬫垬姝ｅ紡鐖嗗彂銆?
715,楦ｄ汉銆佷綈鍔╁拰妯变负鎺㈢储鍗″崱瑗块潰鍏蜂笅鐨勭礌棰滐紝鍐冲畾璇峰崱鍗¤タ鍚冩媺闈㈢殑鏃跺€欑瓑浠栨彮寮€闈㈢僵锛屼絾琚簳閲庝粬浠獊鐒跺嚭鐜版墦鏂簡涓変汉鐨勮鍒掋€備粬浠棤璁洪泦浣撹窡韪繕鏄崟鐙窡韪崱鍗¤タ閮戒互澶辫触鍛婄粓銆傛浘琚崱鍗¤タ鍥犳晳鍔╁皯濂宠€岀敤缁虫帀鍦ㄦ爲涓嬬殑涓変釜蹇嶈€呮兂灏藉姙娉曠粰鍗″崱瑗夸笅鑽紝浣嗕篃閮藉け璐ヤ簡銆備綈鍔╁缓璁個璇峰崱鍗¤タ鍚冩棩鏂欙紝娉℃尽鍫傞兘鏃犳硶鎻湶鍗″崱瑗跨殑妯℃牱銆傛渶鍚庨福浜恒€佷綈鍔╁拰妯卞疄鍦ㄦ病鏈夊姙娉曚究鍋疯蛋婢″爞鍐呯殑涓変釜蹇嶈€呮湇瑁咃紝鎯宠涓庝箣鎴樻枟锛屽嵈琚崱鍗¤タ涓€鐪艰瘑鐮淬€備笁浜虹洿鎴充簡褰撹闂悗 锛屽崱鍗¤タ鎻紑浜嗛潰缃┾€斺€旈潰缃╀箣涓嬭繕鏄潰缃┿€?
716,鎹浜斾唬鐏奖鎵€鏀剁殑濮旀墭涓紝楦ｄ汉銆佷綈鍔╁拰妯变笁浜鸿鍒嗛厤浜咮绾т换鍔♀€斺€斿墠寰€鑼朵箣鍥戒繚鎶ら噸瑕佷汉澹€備笁浜洪渶甯姪灞辫懙涓€瀹惰耽寰楀洓骞翠竴娆¤桨澶хぞ鐨勭キ鎷滀华寮忎腑鐨勮禌璺戞瘮璧涳紝璁╂閮庨暱鑰佸ぇ閲嶈幏灏忛晣涓绘潈銆傚湪寰楃煡淇濇姢瀵硅薄涓哄垰瀵逛笁浜烘寫琛呭苟鎼灏忔ū鐨勯姣涜吙妫箖浼婇┊澶╂椂锛岄福浜洪潪甯告皵鎰ゃ€傝禌璺戞瘮璧涘紑濮嬶紝浼婇┊澶╁苟鏈寜鍘熸湁鐨勮矾绾胯蛋锛屼粬鍙﹁緹韫婂緞浣嗚鍜岃姤涓€瀹惰仒璇风殑蹇嶈€呭煁浼忎笅骞朵笉椤哄埄銆備笁浜轰负姝ゆ垬鏂楋紝鑰岀豢闈掕懙鐨勫嚭鐜板交搴曠牬鍧忎簡浼婇┊澶╃殑璁″垝銆傞福浜洪紦鍔变紛椹ぉ鎸綔璧锋潵骞惰儗鐫€浠栬窇涓婁簡绁炵ぞ锛岀豢闈掕懙渚濇棫鍑虹幇浼婇┊澶╅潰鍓嶆寫琛呭苟鐮村潖鑰冭瘯璺緞锛屼笁浜哄姫鍔涙姷鎶椾笅锛岄福浜哄湪鏈€鍚庡叧澶翠竴璁拌灪鏃嬩父鎵撶牬浜嗛浄鐢典箣鍓戙€備紛椹ぉ涓嶈礋浼楁湜璺戝悜缁堢偣璧㈠緱浜嗘瘮璧涖€?
717,浣愬姪鍥犳棤娉曢噴鎬€鍦ㄥ墠灞℃鎴樻枟涓槸楦ｄ汉閲婃斁鍔涢噺瑙ｅ喅浜嗘垬鏂楋紝鑰岃嚜宸卞嵈鏃犳硶鍋氬埌鑰屽績涓劋鎭ㄦ彁鍑轰笌楦ｄ汉涓€鎴樸€傞福浜哄簲鎴橈紝涓や汉鍓嶅線澶╁彴銆傚湪涓や汉鎵撶殑涓嶇浉涓婁笅锛岃€岄福浜哄嚌鑱氫簡铻烘棆涓革紝浣愬姪寮€鍚楦熷嵆灏嗙浉浜掔鎾炰箣鏃讹紝鍗″崱瑗垮強鏃跺皢涓や汉鎶涘紑锛屼簤閿嬭杩仠姝€?
718,浣愬姪鍦ㄧ湅鍒伴福浜虹敤铻烘棆涓告墦鍑虹殑宸ㄥぇ缂哄彛鍚庯紝浣愬姪鎰忚瘑鍒伴福浜哄凡瓒婃潵瓒婂己銆備綈鍔╁湪闄峰叆鍥炲繂涓棘瑷€璇殑涓嶆柇鍒烘縺涓嬫剤鍔犳啂鎭ㄨ嚜宸卞姏閲忎笉澶燂紝鍗磋绐佺劧鍑虹幇鍗″崱瑗跨粦鍦ㄤ簡鏍戜笅锛屼笌浣愬姪杩涜浜嗚皥璇濓紝浠栦滑鏈変笉鍚岀殑涓嶅垢浣嗘槸濡備粖鍙堟湁鐫€鐩稿悓鐨勫垢杩愩€傚鏅氾紝闊冲繊鍑虹幇鍖呭洿浜嗕綈鍔╁苟鎺у埗浜嗕粬锛屽湪鍜掑嵃鐨勫奖鍝嶅拰闊冲繊瑷€璇殑璁藉埡锛屼綈鍔╄儗涓婅鍥婂墠寰€澶ц泧涓镐箣澶勭寮€鏈ㄥ彾璧颁笂浜嗗喅蹇冨浠囩殑璺€?
719,绗簲浠ｇ伀褰辩翰鎵嬬粰楣夸父涓嬭揪浜嗙涓€涓腑蹇嶄换鍔♀€斺€斿甫鍥炰綈鍔┿€傞箍涓稿彫闆嗛福浜恒€佷竵娆°€佺姮鍐㈢墮銆佸畞娆″洓浜哄墠寰€杩藉洖浣愬姪銆備綈鍔╀负浜嗕娇鍜掑嵃鐨勫姏閲忓寮猴紝鍚炰笅閱掑績涓革紝鍛堢幇鍋囨鐘舵€併€傞煶蹇嶄滑鎶婁綈鍔╂斁杩涙：鏉愶紝骞朵笅浜嗗皝鍗帮紝杩愬線澶ц泧涓哥殑澶勬墍銆傜敱浜庨福浜轰簲浜虹殑鎰忓浘鎻愬墠琚煶蹇嶅療瑙夎€岃娆￠儙鍧婄殑娉曟湳鍏冲湪鍦熷鐨勭粨鐣屼腑銆備簲浜虹獊鐮寸粨鐣屽悗锛屼竵娆＄暀涓嬪闃垫閮庡潑銆傚湪杩藉嚮鍒伴煶蹇嶈繃绋嬩腑鍙戠幇锛岄福浜哄拰楣夸父琚鍚屼父鐨勫繊鏈€滆湗铔涙潫缂氭湳鈥濇姄浣忋€傚畞娆′笌楝煎悓涓镐笂婕斾簡鎷夐敮鎴樸€?
720,澶ф垬缁撴潫鍚庯紝浜斾汉璁炬硶澶哄洖浜嗕綈鍔╋紝鍗磋宸﹁繎鍜屽鐢变篃绱ч殢鍏跺悗銆傜墮銆佽丹涓稿乏杩戝洜闄烽槺璺屽叆璋峰簳锛岄箍涓歌澶氱敱涔熷洶浣忥紝楦ｄ汉涓庡悰楹诲悤闄峰叆鑻︽垬涔嬩腑锛屾潕鐨勫府鍔╁苟鏈嚭鐜拌浆鏈猴紝鐗欏垯娣卞彈閲嶄激甯︾潃璧や父閫冭蛋浜嗭紝鑰屼綈鍔╅啋鏉ュ嵆灏嗙寮€銆傛潕鎶婇厭褰撹嵂璇嬁鍚庯紝閱夋嫵瀵规姉鍚涢夯鍚曘€侀福浜哄垯鍓嶅線杩藉凡璺戞帀鐨勪綈鍔┿€傚氨鍦ㄤ笁浜洪櫡鍏ュ嵄闄╀箣闄呮椂锛屾湪鍙跺悓鐩熷浗鈥斺€旂爞涔嬪繊鑰呭嚭鐜颁簡銆備笁浜轰互鍔涙尳鐙傛緶涔嬪紡瑙ｅ喅浜嗗鎵嬨€?
721,楦ｄ汉杩介€愪綈鍔╁埌缁堢粨涔嬭胺锛屼袱浜虹浉瀵广€傞福浜烘棤娉曟帴鍙椾綈鍔╃殑鍐锋紶鎬佸害锛屽啿鍚戜綈鍔┿€備袱浜哄湪缁堢粨璋峰睍寮€鐢熸涔嬫垬銆傞福浜虹殑铻烘棆涓镐笌浣愬姪鐨勯楦熺粓浜庣浉鍑伙紝楦ｄ汉缁堜簬鐩镐俊浣愬姪鏄湡鐨勬兂鏉€姝昏嚜宸憋紝楦ｄ汉灏佸嵃鐨勪節灏捐鍚姩锛屼袱浣愬姪鍚姩浜嗗ぇ铔囦父鐨勫拻鍗般€備袱浜烘縺鎴樿涔咃紝鏈€鍚庨福浜鸿触锛屼綈鍔╃寮€銆?
722,鑷潵涔熷甫棰嗗皬妯卞拰楦ｄ汉鍓嶅線鐢板洯涔嬪浗鐨勯煶闅愭潙甯﹀洖浣愬姪锛岀敱浜庤嚜鏉ヤ篃濂借壊姣涚梾鐘簡鑰屾剰澶栧緱鐭ュぇ铔囦父鐨勬秷鎭€傞福浜哄拰灏忔ū璺亣绗圭洰琚煶蹇嶈鍑伙紝涓や汉寰楃煡绗圭洰闇€鍘诲ぇ铔囦父鍩哄湴瀵绘壘鍫傚摜椋庨瓟宀氫笅钀姐€備絾绗圭洰鍗村洜琚煶蹇嶈楠楄€岃儗鍙涗簡浠栦滑锛屽湪鑼舵按鍔ㄦ墜鑴氾紝浣嗕笁浜烘棭宸茬湅绌夸簡璁¤皨锛屽苟鎵撻€€浜嗛煶蹇嶄笁浜恒€傜鐩皢鑷潵涔熺瓑浜哄甫鍒颁簡澶ц泧涓哥殑鑰佸发锛屼絾浠栦滑鍥犲叺鍒嗕笁璺紝闇€鍚勮嚜鍏嬫湇鎺ヤ笅鏉ョ殑闄烽槺銆傝€屽湪灏忔ū銆侀福浜虹鐩櫡鍏ュ嵄鏈烘椂锛岃嚜鏉ヤ篃鍙婃椂鍑虹幇锛屽皬妯卞拰楦ｄ汉寰楁晳銆?
723,褰撶翰鎵嬫剰璇嗗埌姘存湪浼间箮涓庡ぇ铔囦父鏈夊叧鑱斻€佹淳闃挎柉鐜涘拰绾㈠埌鏈ㄥ彾閲嶅垜闂村璁按鏈紝鍗村洑鐘滑鍙楁按鏈ㄧ殑鏁欏攩瀵逛粬浠彂璧锋敾鍑汇€傚緟楦ｄ汉璧跺埌鐜板満锛屽彂鐜扮湅瀹堜篃宸插€掑湴銆傚彟涓€杈归潤闊冲甫鐫€璞氳睔鎵惧埌姘存湪韪抗锛屽洜琚浄绁為绁炲厔寮熸墦璐ワ紝璞氳睔鍥炲埌鏉戦噷鎶ョ煡鐏奖锛岄福浜烘棤鎰忕煡鏅撳悗涓庝紛椴佸崱鍓嶅線鏀彺銆傚彲姘存湪瀵逛簬浼婇瞾鍗＄殑鑻﹀彛濠嗗績骞舵湭鍔ㄦ憞锛岄箍涓哥殑鍙婃椂璧跺埌鎺у埗浜嗛绁為浄绁炵殑浜鸿鍔ㄣ€備紛椴佸崱涓庢按鏈ㄤ綔鎴樺悗锛屾按鏈ㄧ殑鏈濡绘た鍑虹幇浜嗐€傚洜涓烘た鐨勫姞鍏ワ紝浼婇瞾鍗″拰楦ｄ汉鍙戠幇浜嗘按鏈ㄨ秺鐙辩殑鐪熸鍘熷洜鈥斺€旀按鏈ㄦ兂鍒板緱鍒板ぇ铔囦父鐨勫姏閲忋€?
724,鏈ㄥ彾涓镐粬浠粓浜庢垚涓轰簡鍙互鎵ц浠诲姟鐨勫皬缁勶紝鑰岄福浜轰笌鑷潵涔熺殑淇缁堜簬缁撴潫鍥炲埌浜嗘湪鍙舵潙銆備负浜嗘祴璇曢福浜虹殑淇鎴愭灉锛岀伀褰辩壒鍦板畨鎺掍簡鍗″崱瑗挎潵鍜岄福浜哄皬妯卞鍐炽€傝繖鍥炵殑璇曠偧杩樻槸浠庡崱鍗¤タ韬笂鎶㈠ず閾冮摏锛屽苟浣跨敤浜嗗啓杞溂锛屼互鍓嶅悓鏍风殑鏂规硶閮藉凡涓嶅鏁堛€傞福浜虹殑杩涙鏋佸ぇ锛屽皬妯辨€姏涔熷彉鏇村己锛岄福浜烘兂浣跨敤鍗冨勾鏉€鎶ュ鍥炲崱鍗¤タ鍗村け璐ヤ簡锛屾渶鍚庨福浜哄拰灏忔ū椤哄埄鐨勬憳鍒颁簡鍗″崱瑗胯韩涓婄殑閾冮摏銆?
725,鐮傞殣鏉戦伃鍒颁簡鏅撶殑鏀诲嚮锛屾暣涓潙瀛愬鍥寸殑澹叺閮借鏅撶殑涓や釜鎴愬憳鏉€鍏変簡銆傝€岀爞闅愭潙鍗冲皢闄峰叆绌哄墠鐨勫嵄鏈轰腑銆傚湪绌轰腑闄嶈惤鐨勬檽缁勭粐鎴愬憳杩揪鎷夎鎴戠埍缃楀彂鐜帮紝姝ゆ椂鎴戠埍缃楀凡鎴愪负椋庡奖锛屽嵈瀵瑰杽浜庣垎鐮寸殑杩揪鎷夋棤浠庝笅鎵嬨€備簬姝ゅ悓鏃讹紝鐮傞殣闄峰叆浜嗘垬浜変腑锛岃开杈炬媺鐨勭偢寮瑰湪鏉戝瓙涓紩鐖嗭紝鎴戠埍缃楃敤鑷繁鐨勬矙瀛愪负鏁翠釜鏉戝簞寤虹珛浜嗕竴涓睆闅滐紝浣嗗嵈琚开杈炬媺鐐稿脊鐐镐激銆傛垜鐖辩綏钀藉叆浜嗚开杈炬媺鎵嬩腑銆?
726,寰楃煡鐮傞殣鐨勬儏鍐碉紝鐏奖娲惧崱鍗¤タ缁勫墠寰€鏁戞彺銆傞福浜哄緱鐭ユ垜鐖辩綏琚檽缁勭粐鎵€鎶撹蛋锛岀揣鎬ュ墠寰€鐨勮矾涓婇亣鍒版墜闉狅紝鎵嬮灎寰楃煡鎯呭喌鍚庝笁浜烘笎娓愬彂鐜拌儗鍚庣殑闃磋皨銆傚嫎涔濋儙鍥犱笌铦庡闃佃€岃韩鍙楁瘨铓€锛屽皬妯变綔涓哄尰鐤楀繊鑰呯珛鍒绘姇鍏ユ不鐤椼€傛垜鐖辩綏浣撳唴鐨勪竴灏惧嵆灏嗚鏅撶粍缁囧交搴曞垎绂伙紝鑰屽崈浠ｅ﹩濠嗗姞鍏ヨ繖鍦烘晳鎻淬€?
727,鍦ㄥ墠寰€鏁戞彺鐨勮矾涓婏紝鍑殑闃熶紞纰板埌浜嗛椴涳紝鑰屽崱鍗¤タ灏忛槦纰板埌浜嗛棘銆傞椴涘凡缁忓紑濮嬪悜鍑彂璧蜂簡鏀诲嚮锛岄棘鍒欓殢鏃堕兘浼氬悜鍗″崱瑗夸粬浠嚭鎵嬶紝鍦ㄥ崈浠ｅ﹩濠嗙殑鎸囧涓嬶紝鍗″崱瑗块槦浼嶅浠橀棘鏈変簡涓€浜涜儨绠椼€傜劧鑰岋紝鍑偅杈瑰ず璧颁簡鎴戦椴涚殑椴涜倢锛屼絾鏄叾浠栦汉鍗撮櫡鍏ヤ簡楝奸矝鐨勬按鐗㈤噷銆傞福浜鸿繖杈归櫡鍏ヤ簡榧殑骞绘湳涔嬩腑锛岄福浜烘兂璧疯嚜鏉ヤ篃鐨勬暀瀵硷紝闄峰叆骞绘湳闇€绛夊緟鍚屼即鍞ら啋銆傚彲鏈€鍚庡崱鍗¤タ鍜屽嚡灏忕粍鎵嶆剰璇嗗埌锛屼笌鍏舵垬鏂楃殑鍏跺疄鏄浛韬€?
728,鏈ㄥ彾鐨勪袱缁勪汉椹繕鏄櫄鏉ヤ簡涓€姝ワ紝鏅撶粍缁囧凡缁忛『鍒╁畬鎴愪簡涓€灏惧拰浜烘煴鍔涗箣闂寸殑鍒嗙銆傛垜鐖辩綏鍙墿涓嬩竴鍓啺鍐风殑韬３锛岄福浜哄け鐞嗘櫤鐨勮拷閫愬甫璧版垜鐖辩綏鐨勮开鍏嬫媺锛岃€屽崱鍗¤タ璺熼殢楦ｄ汉锛屽嚡銆佸ぉ澶┿€佸畞娆″拰灏忔潕瑕佹墦璐ュ拰鑷繁涓€妯′竴鏍风殑鏁屼汉锛岃€屽皬妯卞拰鍗冧唬濠嗗﹩鐣欏湪鍩哄湴閲屽浠樿潕锛岃€岃潕鎬荤畻鏄鎵撹触浜嗭紝浠栧湪涓存鍓嶅皢澶ц泧涓哥殑鎵€鍦ㄥ湴鐐瑰憡璇夌粰浜嗗皬妯便€傚嚡鐝垚鍛樹粛闄峰叆鑻︽垬涔嬩腑銆?
729,杩揪鎷夎嚜鐖嗭紝楦ｄ汉涓庡崱鍗¤タ澶哄洖浜嗘垜鐖辩綏銆傜敱浜庢垜鐖辩綏鐨勬浜″埡婵€浜嗛福浜猴紝浠栧紑鍚簡涔濆熬鐨勫姏閲忥紝鍦ㄨ韩浣撳鍥村舰鎴愪簡濡栫嫄涔嬭。锛岃€屾劋鎬掍娇楦ｄ汉鍐叉槒浜嗗ご鑴戯紝浠栧紑濮嬫棤宸埆杩涜鏀诲嚮銆傝€屽垢濂借嚜鏉ヤ篃鎻愬墠棰勬枡楦ｄ汉鍙兘浼氭毚璧拌€屽皢涓€寮犵鍜掍氦缁欎簡鍗″崱瑗匡紝浣跨敤绗﹀拻鍚庯紝楦ｄ汉鎭㈠浜嗗師鏍枫€傛垜鐖辩綏鍦ㄥ皬妯辩殑璇婃柇涓嬪凡缁忔浜嗭紝鍙槸鍗冧唬濠嗗﹩瀵规垜鐖辩綏浣跨敤浜嗚浆鐢熸湳锛屾暣涓爞蹇嶆潙鐨勪汉浠兘鏉ユ晳鎴戠埍缃楋紝鎴戠埍缃楄嫃閱掞紝鍗冧唬濠嗗﹩鍗存案杩滅殑绂诲紑浜嗐€?
730,鍥犲崱鍗¤タ鍙椾激锛屽崱鍗¤タ鐝垚鍛樺姞鍏ヤ簡涓€鍚嶆湪鍙舵殫閮ㄧ壒娈婇儴闃熲€滄牴鈥濈殑蹇嶈€呬綈浜曪紝鐢卞ぇ鍜岄槦闀垮甫闃熴€傚ぇ鍜岄槦闀块€氳繃瑁呮壆铦庝笌绾夸汉鑽笀鍏滅闈紝澶ц泧涓稿嵈鐜拌韩銆備竴鍦烘伓鎴樺嵆灏嗗紑濮嬨€傞福浜哄凡鎺у埗涓嶄綇鑷繁鐨勬儏缁紝鐬棿琚鐙愪箣琛ｅ寘瑁癸紝鍚戝ぇ铔囦父鍙戣捣杩涙敾锛岃€屽厹姝ゆ椂鍗村畬鍏ㄤ笉鏄福浜虹殑瀵规墜锛岃涔濆熬鍔涢噺鍚炲櫖鐨勯福浜哄彉寰楀紓甯稿彲鎬曪紝浣嗗ぇ铔囦父鍗存鏃犱紭鍔匡紝灏卞湪闄峰叆鑻︽垬涔嬫椂锛岄福浜鸿澶ц泧涓稿嚮璐ワ紝楦ｄ汉涓уけ浜嗘剰璇嗐€?
731,澶у拰闃熼暱涓変汉寰楃煡浣愪簳鐨勮鍒掑悗锛屾姄浣忎簡浣愪簳銆備负浜嗕粬浠箣闂寸殑缇佺粖楦ｄ汉涓嶆儨涓庡ぇ铔囦父浣滃涔熻鎵惧埌浣愬姪銆備粬浠竴闂撮棿鎵撳紑澶ц泧涓稿熀鍦扮殑鎴块棿锛屼絾姝ゆ椂澶ц泧涓稿嚭鐜颁簡銆傚ぇ鍜岄槦闀垮湪浣愪簳鐨勮儗鍖呴噷鎵惧埌浜嗘殫鏉€鐨勫悕鍐岋紝鑰屼綈鍔╁嵈鍦ㄦ殫鏉€鍒楄〃涓€備絾鍦ㄤ綈浜曞彂鐜颁簡浣愬姪鍚庯紝鍗存墽鎰忓甫浠栧洖鏈ㄥ彾鏉戯紝鏃堕殧涓夊勾锛屼綈鍔┿€佸皬妯便€侀福浜虹粓浜庣浉瑙併€?
732,楦ｄ汉琚翰鎵嬪垎閰嶇殑D绾т换鍔¤€屼笉寰椾笉涓柇淇偧銆備换鍔℃槸鐢辩伀涔嬪浗闄勮繎鐨勭伀涔嬪濮旀墭鐨勶紝灞炰簬瀵洪櫌鐨勫浠ュ強鍗楃湡銆佽タ鎴枫€佷笢瀹囧拰鍖楅煶澧撹鐩楀璐肩洍鍙栵紝澶у拰浠栦滑闇€鏌ユ槑鐩楀璐肩殑韬唤銆傝€屽湪澶у拰闃熼暱涓€琛屼汉鍒嗗ご瀵绘壘鐏箣瀵虹殑棰嗚矾浜烘椂锛岄福浜鸿鎵撹鎾炲彂鐜颁簡闅愯棌鍧熷骞跺伓閬囦簡绌恒€傚ぇ鍜屾€€鐤戣鍋疯蛋鐨勫浼氳鎷垮幓鍙︽湁鐢ㄩ€斾篃璁镐笌鍥㈣棌鏈夊叧锛屾浜嬪浜庡湴闄嗗ぇ甯堝拰闃挎柉鐜涜€岃█锛屾槸鏇句负瀹堟姢澹崄浜屽繊鐨勪紮浼村琚洍銆傛鏃犳垝澶囦箣蹇冪殑楦ｄ汉鍜岀┖闄峰叆鏁屼汉鐨勫湀濂楋紝鑰岀溂鐫佺潄鐪嬬潃妫烘湪浠庣溂鍓嶆秷澶便€?
733,鍦ㄦ殫閮ㄥ皢鍥㈣棌鎶撲綇骞剁粦鍥炴湪鍙跺悗锛岀┖鍦ㄥ伔绐ョ伀褰卞璁椂琚殫閮ㄥ彂鐜般€傝€岀┖浠庨樋鏂帥鍙ｄ腑鐭ラ亾浜嗙埗浜叉浜＄殑鐪熺浉銆傞殢鍚庯紝绌鸿鍑荤伀褰辨湭閬傝€岄€冭蛋鏃讹紝鏈ㄥ彾蹇嶈€呮潙闄峰叆浜嗗嵄鏈恒€傚叆渚佃€呭埄鐢ㄥ湡閬佺殑鏈€楂樺鐣屽垱鐢熶箣鏈皢浜￠瓊浠嫃閱掞紝鏈ㄥ彾蹇嶈€呮潙寮€鍚涓€鎴掑鐘舵€併€傚湪楦ｄ汉杩藉绌轰箣鏃讹紝闃挎柉鐜涘垯闈㈠鐫€姝诲幓鐨勫崡鐪熴€佽タ鎴枫€佷笢瀹囧拰鍖楅煶鏇剧粡鐨勪紮浼达紝鑰岄鎴枫€侀鐒板拰椋庤春涔熷潥瀹堢潃鑷繁鐨勯樀鍦般€?
534,绁炴爲绡?
800,鎴樺尯涓栫晫璧涚涓€瑙ｉ攣
801,鎴樺尯涓栫晫璧?寮鸿В閿?
802,鎴樺尯涓栫晫璧?6寮鸿В閿?
803,鎴樺尯涓栫晫璧?2寮鸿В閿?
804,鎴樺尯涓栫晫璧?4寮鸿В閿?
805,娲诲姩鍟嗗簵锛屾潯浠跺睍绀洪鐣?
806,娲诲姩鍟嗗簵锛屾潯浠跺睍绀洪鐣?
807,娲诲姩鍟嗗簵锛屾潯浠跺睍绀洪鐣?
808,娲诲姩鍟嗗簵锛屾潯浠跺睍绀洪鐣?
809,娲诲姩鍟嗗簵锛屾潯浠跺睍绀洪鐣?
810,娲诲姩鍟嗗簵锛屾潯浠跺睍绀洪鐣?
811,鍔涗箣濂戠害1绾?
812,鍔涗箣濂戠害2绾?
813,鍔涗箣濂戠害3绾?
814,鍔涗箣濂戠害4绾?
815,鍔涗箣濂戠害5绾?
816,鍔涗箣濂戠害6绾?
817,鍔涗箣濂戠害7绾?
818,鍔涗箣濂戠害8绾?
819,鍔涗箣濂戠害9绾?
820,鍔涗箣濂戠害10绾?
821,鏈箣濂戠害1绾?
822,鏈箣濂戠害2绾?
823,鏈箣濂戠害3绾?
824,鏈箣濂戠害4绾?
825,鏈箣濂戠害5绾?
826,鏈箣濂戠害6绾?
827,鏈箣濂戠害7绾?
828,鏈箣濂戠害8绾?
829,鏈箣濂戠害9绾?
830,鏈箣濂戠害10绾?
831,鍛戒箣濂戠害1绾?
832,鍛戒箣濂戠害2绾?
833,鍛戒箣濂戠害3绾?
834,鍛戒箣濂戠害4绾?
835,鍛戒箣濂戠害5绾?
836,鍛戒箣濂戠害6绾?
837,鍛戒箣濂戠害7绾?
838,鍛戒箣濂戠害8绾?
839,鍛戒箣濂戠害9绾?
840,鍛戒箣濂戠害10绾?
850,灞呬綇鍦ㄥ鏈ㄥ北闅愪箣閲岀殑铔よ焼鏂囧お锛屼綋鍐呭瓨鏈夋瀬涓哄己澶х殑浠欐湳鏌ュ厠鎷夈€傝楦ｄ汉绉颁负銆岃洡锜嗚€佸ぇ銆嶏紝鏃跺父鍢翠笂鍙肩潃涓€鏍圭儫鏂楋紝浠ヨ叞闂寸殑閰嶅垁浣滄垬銆傚湪蹇嶇晫澶ф垬涓鑷潵涔熼€氱伒鍑烘潵锛屽拰澶ц泧涓搁€氱伒鐨勪竾铔囷紝绾叉墜閫氱伒鐨勮洖铦撲竴璧峰薄绔嬫垬鍔熴€傛枃澶篃鍥犳鎴愪负浜嗏€滀笁蹇嶁€濅箣涓€鑷潵涔熺殑浠ｈ〃璞″緛涔嬩竴銆傚繊鐣屽ぇ鎴樹箣鍚庝粬鐨勫乏鐪肩暀涓嬩簡涓€閬撴繁娣辩殑鐤ょ棔锛屽嵈鏄洿鍑告樉浠栫殑鑰佸ぇ姘旇川銆傚悗涓庢尝椋庢按闂ㄣ€佹缉娑￠福浜洪兘鏇捐揪鎴愰€氱伒濂戠害銆?
851,灞呬綇鍦ㄥ鏈ㄥ北闅愪箣閲岀殑铔よ焼鍋ワ紝鏄紶璇翠腑鐨勮洡锜嗚€佸ぇ鏂囧お鐨勫厔寮熴€傝洡锜嗗仴鏈夌潃鏋佷负鐙壒鐨勭传绾㈣壊鐨偆锛屽悓鏃惰劯涓婅繕鏈夋瀬鍏蜂釜鎬х殑U鍨嬮粦鑹茬汗韬€傚畠鎵€甯哥敤鐨勬鍣ㄦ槸甯冩弧妫卞埡鐨勯奔鍙変互鍙婇攨鐩栧瀷鐨勯搧涔嬪ぇ鐩俱€傝洡锜嗗仴鐨勬€ф牸浣庤皟娌夌ǔ锛屽父璇磋嚜宸卞崄鍒嗘剼锛屽疄鍒欏崄鍒嗗潥蹇嶏紝涓斿績鎬濈粏鑵伙紝鑳戒笌鎼。鐨勯€氱伒鑰呭畬鎴愬畬缇庣殑閰嶅悎銆傛搮闀块槻寰＄殑浠栨€昏兘缁欎汉瀹夊績鐨勬劅瑙夛紝鏇惧湪涓庝僵鎭╃殑涓€鎴樹腑鍙堜笉淇楃殑琛ㄧ幇锛屽彈鍒拌嚜鏉ヤ篃鐨勫じ璧炪€?
852,灞呬綇鍦ㄥ鏈ㄥ北闅愪箣閲岀殑铔よ焼骞匡紝鏄紶璇翠腑鐨勮洡锜嗚€佸ぇ鏂囧お鐨勫厔寮熴€傝洡锜嗗箍韬墜鏁忔嵎锛屾搮闀夸娇鐢ㄨ儗鍚庣殑涓ゆ妸闀垮墤鎴樻枟锛屾槸濡欐湪灞辨暟涓€鏁颁簩鐨勫墤鏈珮鎵嬨€傛€ф牸涓婃瘮杈冨浐鎵э紝骞虫椂娌夐粯瀵¤█锛屾妸澶ч儴鍒嗙殑蹇冩€濋兘鑺卞湪淇偧涔嬩笂锛屽洜姝や粬涓嶄絾鍓戞湳浜嗗緱锛屽湪浠欐湳鐨勮繍鐢ㄤ笂涔熷崄鍒嗙函鐔熴€傛浘鍦ㄤ笌缁濈殑瀵规垬涓娇鍑洪€氱伒路灞嬪彴宕╁潖涔嬫湳灏嗗鎵嬪帇鍒躲€傚湪涓庝僵鎭╃殑鎴樻枟涓篃鏈夐潪甯稿嚭鑹茬殑琛ㄧ幇銆?
853,鏉ヨ嚜鐚块瓟涓€鏃忕殑鐚跨尨鐜嬄风尶榄旓紝涓変唬鐏奖鐨勯€氱伒鍏斤紝澶ц泧涓哥О鍏朵负鏈€寮虹殑閫氱伒鍏姐€傜尶榄斾笉浠呰兘璇磋瘽锛屽悓鏃惰嚜韬繕鎷ユ湁鏌ュ厠鎷夛紝鑳藉鐙珛閲婃斁蹇嶆湳鍜屽彉褰紝鎷ユ湁閲戝垰涓嶅潖涔嬭函锛屽彲鍙樿韩涓洪噾鍒氬鎰忔锛屽湪鎴樻枟涓綔涓烘鍣ㄤ负涓変唬鎵€鐢紝浼哥缉鑷鍙樻崲涓囧崈銆傚湪澶ц泧涓稿疄鏂芥湪鍙跺穿婧冭鍒掓椂涓庝笁浠ｈ仈鎵嬪鎶楀ぇ铔囦父浠ュ強浠栫殑鍘嗕唬鐏奖绉藉湡杞敓鍐涘洟锛屾渶鍚庡姏鏁戜笁浠ｅ彇寰楁儴鑳溿€?
854,娼滀紡浜庡湴榫欐礊闅愪箣閲岀殑鍒濅唬涓囪泧锛屾敮閰嶅湴涓嬩笘鐣岀殑闅愬瘑涔嬬帇锛佷竾铔囩殑浣撳瀷宸ㄥぇ锛岄€熷害鍗村紓甯歌繀鎹凤紝鏀诲嚮鍔涙儕浜恒€傚湪蹇嶇晫澶ф垬涓澶ц泧涓稿彫鍞ゅ嚭鏉ワ紝涓庤嚜鏉ヤ篃鐨勬枃澶紝绾叉墜鐨勮洖铦撲竴璧峰薄绔嬫垬鍔燂紝鍙互璇翠粬浠笁浜鸿兘琚О涓衡€滀紶璇翠笁蹇嶁€濋兘绂讳笉寮€杩欎笁澶村己鍔涢€氱伒鍏界殑甯姪銆備竾铔囩殑鎬ф牸鏋佸叾鍌叉參鍡滆锛屾嵁璇存瘡娆¤澶ц泧涓稿彫鍞ら兘浼氳姹傚叾鐚笂100浜虹殑娲荤キ浣滆础鍝併€傚己澶х殑鍚屾椂涔熸槸閭伓鐨勫寲韬€?
855,浠庢箍楠ㄦ灄绁栧笀铔炶潛浠欎汉韬綋涓垎鍑虹殑鍒嗚浣撱€傚洜涓哄叿鏈夊垎瑁傜殑鑳藉姏锛屾垚缇ょ粨闃熷嚭鐜扮殑瀹冧滑閫氬父寰堥毦琚汉鍒嗘竻褰兼锛屾墍浠ュ浠ャ€岃洖铦撱€嶇粺绉帮紝浣嗚绾叉墜閫氱伒鍑烘潵鐨勮洖铦撶湡鍚嶅叾瀹炴槸銆屾椿铦撱€嶃€傚繊鐣屽ぇ鎴樹腑涓庤洡锜嗘枃澶紝涓囪泧涓€璧峰姪鍔涗笁蹇嶉┌楠嬫矙鍦哄薄绔嬫垬鍔熴€傚叾鑳藉姏鍙互澶ч噺鍒嗚鍚庨檮鐫€鍦ㄤ激鑰呰韩涓婅繘琛屽ぇ瑙勬ā鐨勬不鐤楋紝灞炰簬鍚庡嫟閮ㄩ槦鐨勫悓鏃跺叾浣跨敤鐨勯吀娑叉敾鍑诲悓鏍锋潃浼ゅ姏涓嶅灏忚銆傚彧鏄€ф牸娓╂煍鐨勬椿铦撳緢灏戜富鍔ㄥ睍寮€鏀诲嚮锛岀浉姣斾箣涓嬪畠鏇村笇鏈涜兘澶熶负浜烘不鎰堜激鍙ｏ紝鎶氬钩鐤肩棝銆?
856,浣╂仼鍏亾褰撲腑鐣滅敓閬撴墍浣跨敤鐨勪紬澶氶€氱伒鍏戒箣涓€锛屼篃鏄渶涓虹壒娈婄殑涓€涓€備笌鐣滅敓閬撳叾浠栨敾鍑昏兘鍔涙儕浜虹殑閫氱伒鍏戒笉鍚岋紝鐭崇唺鐚彧鏈夊崟绾殑闃插尽鑳藉姏銆傜劧鑰屽叾鍧氱‖鐨勭煶璐ㄧ毊鑲ゅ湪闃插尽鏂归潰鍗存槸鑳戒笌浼犺涓殑灏惧吔瀹堥工鐩稿缇庛€備换浣曞父瑙勭殑蹇嶆湳閮戒笉鍙兘鍑荤牬瀹冪殑闃插尽锛屽洜姝ゆ鏃犺繘鏀昏兘鍔涚殑瀹冩墠浼氳
857,濡欐湪灞辩殑闀胯€佷箣涓€锛屽ぇ铔よ焼浠欎汉鐨勫緱鍔涗翰淇★紝鍚屾椂涔熸槸浼犳巿鑷潵涔熶粰娉曠殑鎭╁笀銆傚洜涓轰慨鐐间粰娉曡€屼笌鑷劧杈炬垚浜嗗叡鐢燂紝宸茬粡娲讳簡800澶氬勾涔嬩箙銆傚湪鑷潵涔熶綔鎴樻椂浼氳閫氱伒鍒板叾鑲╄唨涓婁綔涓轰粰娉曞彂鍔ㄧ殑杈呭姪鑰咃紝涔熷洜姝ゅ彈鍒伴檺鍒跺緢灏戠洿鎺ュ嚭鎵嬶紝浣嗚鐪熻捣鏉ョ殑鏃跺€欒兘浣垮嚭鍚勭寮哄姏鐨勪粰娉曘€傝€岃韩涓哄鏈ㄥ北闀胯€佺殑浠栦篃琚殣涔嬮噷鐨勪竴浼楀己鑰呭皧绉颁负銆屽ご鍎裤€嶏紝鍙鍏朵汉鏈涗箣楂樸€?
858,濡欐湪灞辩殑闀胯€佷箣涓€锛屽ぇ铔よ焼浠欎汉鐨勫緱鍔涗翰淇★紝鑷潵涔熶粰娉曟仼甯堟繁浣滅殑濡诲瓙銆傚钩鏃剁殑鑱岃矗涓昏璐熻矗绛涢€夊彲浠ヨ繘鍏ュ鏈ㄥ北瀛︿範浠欐硶鐨勪汉銆傚湪鑷潵涔熸垬鏂楁槸浼氬拰娣变綔涓€鍚岃閫氱伒鍒板叾鑲╄唨涓婁綔涓轰粰娉曞彂鍔ㄧ殑杈呭姪鑰咃紝鍚屾椂涔熻兘鏂藉睍鍚勭鍑虹鍏ュ寲鐨勪粰鏈繘琛屾垬鏂椼€傛瘮璧烽暱鑰佺殑韬唤锛屽織楹绘洿鎯虫垚涓轰竴鍚嶆櫘閫氱殑瀹跺涵涓诲銆傚畠鍠滅埍鏂欑悊锛岃櫧鐒堕福浜哄苟涓嶅枩娆⑩€︹€﹀垁瀛愬槾璞嗚厫蹇冪殑瀹冧篃缁忓父浼氱粰韬竟鐨勪汉璁稿鏈夌敤鐨勫缓璁紝鍥犳鍦ㄥ鏈ㄥ北鐨勪紬澶氬己鑰呬箣涓潪甯告湁濞佹湜銆?
859,闆ㄩ殣鏉戝墠浠婚棰嗗北妞掗奔鍗婅棌鐨勯€氱伒鍏姐€傛槸涓庨偅涓绉颁负鍗婄鐨勭敺浜烘瘮鑲╋紝绔欏湪蹇嶇晫澶ф垬椤跺嘲鐨勪紶濂囧繊鍏姐€傚北妞掗奔鑳藉柗鍚愬ぇ鑼冨洿鐨勬瘨闆撅紝绗肩僵鏁翠釜鎴樺満銆傝韩涓北妞掗奔涔嬫瘨鑻ユ槸鑷韩瀹炲姏杈冨急渚夸細褰撳満姣欏懡锛屽嵆渚挎槸褰辩骇寮鸿€呬篃寰堝彲鑳戒細澶卞幓鎴樻枟鑳藉姏銆傚彲浠ヨ鍗婅棌鑳藉▉闇囧繊鐣岋紝灞辨楸肩殑瀹炲姏鏈夌潃寰堝ぇ鐨勫姛鍔炽€傝€屽北妞掗奔浣滀负杩滃彜鐨勭敓鐗╋紝鍗充究鏄涓婁紶璇翠腑鐨勫熬鍏戒篃鏈変竴鎴樹箣鍔涖€?
860,濡欐湪灞遍殣涔嬮噷鐨勮洡锜嗛緳锛屽枩娆㈤浂椋熺殑鍙埍灏忚洡锜嗐€備笌鍝ュ摜铔よ焼鍚変笉鍚岋紝浣滀负铔よ焼鑰佸ぇ鏂囧お鐨勬瀛愶紝榫欎技涔庡苟娌℃湁浠庝粬閭ｉ噷缁ф壙鍒板お澶氭墠鑳斤紝鍙嶈€屾椂甯稿洜涓鸿繜閽濆拰缂轰箯鍗辨満鎰熻€岄櫡鍏ュ嵄闄╀箣涓€傝繃浜庡ぉ鐒剁殑鎬ф牸鎴栬璁╀粬骞朵笉閫傚悎鎴愪负涓€鍚嶄紭绉€鐨勬垬澹紝浣嗕粬鍗村苟闈炴鏃犳垬鏂楀姏锛屼粬鑳藉涓庨福浜洪厤鍚堜娇鐢ㄩ閬伮疯洡锜嗛搧鐐瓑浠欐湳銆傝嫢鏄粬鑳藉璁ょ湡璧锋潵锛屼篃鏄浉褰撳彲闈犵殑瀛樺湪銆?
861,鍗″崱瑗跨殑閫氱伒鍏藉叓蹇嶇姮涔嬮銆傝櫧璇村湪鍏繊鐘腑甯曞厠鐨勬垬鏂楀姏鍙兘鏄渶涓哄急灏忕殑锛屼絾瀹冨嚭鑹茬殑澶磋剳锛岃浠栬冻浠ユ媴浠诲繊鐘殑棰嗗ご銆傚笗鍏嬩笉浣嗙簿閫氫汉绫昏瑷€锛岃繕鑳戒笌鍏朵粬鍔ㄧ墿娌熼€氾紝鏀堕泦鎯呮姤銆傞厤鍚堜粬鏈韩鎯婁汉鐨勫梾瑙夊笗鍏嬪崄鍒嗘搮闀胯拷韪悳瀵汇€傛浘鍦ㄨ拷鍥炰綈鍔╀竴鎴樹腑甯姪鏈ㄥ彾涓嬪繊浠壘鍒伴煶蹇嶉€冪鐨勮矾绾匡紝杩樿兘瀵熻鏁屼汉鐨勫煁浼忓府鍔╁皬闃熻劚闄┿€傛湁甯曞厠鍦紝鏃犺杩涜浠€涔堜换鍔￠兘鑳藉涓€浠藉畨蹇冦€?
870,閫氱伒鍏芥€绘槦绾?2鏄熻В閿?
871,閫氱伒鍏芥€绘槦绾?0鏄熻В閿?
872,閫氱伒鍏芥€绘槦绾?0鏄熻В閿?
873,閫氱伒鍏芥€绘槦绾?0鏄熻В閿?
800001,閫氬叧{0}灞傝В閿?
901,姘寸郴
902,椋庣郴
903,鐏郴
904,浠欑郴
905,榄旂郴
906,鏀诲嚮
907,闃插尽
908,鍖绘湳
909,鏆村嚮
910,姘存剤
911,宕╁潖
912,鐏肩噧
913,閫㈢敓
914,闇炲箷
915,澶嶄粐
916,钃勫娍
917,浼ゅ垉
918,鐗╂敾鎺ㄨ崘
919,娉曟敾鎺ㄨ崘
920,鑲夌浘鎺ㄨ崘
921,鑷€夌簿绮?
922,杈呭姪鎺ㄨ崘
923,寮哄姏杈呭姪
924,楂橀槻鍓嶆帓
925,寮哄姏杈撳嚭
926,閫熷崌鍏槦
1001,閲戝竵閲囬泦
1002,蹇嶈€呭彫闆?
1003,钀ユ晳蹇嶈€?
1005,鎺㈠疂琛屽姩
1008,钀ユ晳蹇嶈€?
1013,鏁戞彺琛屽姩
1015,鏅撶粍缁囧鎶?
1016,闆鹃殣杩峰够
1018,鏈ㄥ彾璇曠偧
1022,鐏奖鑰冩牳
1023,缁濆瘑濮旀墭
1024,浠欐硶涔嬮亾
1025,鏅撶粍缁囨竻鐏?
1026,闆鹃殣鏆楁潃
1027,娌欐紶椋庢毚
1028,蹇嶈€呴泦缁?
1045,鍦颁笅瀵嗚棌
1046,闅愮琛屽姩
1047,蹇嶇帀鏀惰喘
1062,钀ユ晳蹇嶈€?
1067,钀ユ晳蹇嶈€?
1118,钀ユ晳蹇嶈€?
1123,钀ユ晳蹇嶈€?
1174,钀ユ晳蹇嶈€?
1179,钀ユ晳蹇嶈€?
1219,褰辩骇璇曠偧
1232,钀ユ晳蹇嶈€?
1237,钀ユ晳蹇嶈€?
1290,钀ユ晳蹇嶈€?
1295,钀ユ晳蹇嶈€?
1337,蹇嶇晫澶ф垬
1346,蹇嶇帀绮剧偧
1347,骞歌繍閲戝竵
2011,涓轰簡鑾疯儨鎴戝皢涓嶆嫨鎵嬫
2012,璁╀綘鐪嬬湅鎴戠殑鍏ㄥ姏
2013,涓轰簡鑷繁鐨勭悊鎯筹紝鎴戞湁淇″績鍦ㄤ换浣曟垬鏂椾腑鑾疯儨
2021,涓嶈兘鍙槸鍙椾汉淇濇姢锛佹垜涔熷緱濂藉ソ鎴樻枟鎵嶈锛?
2022,濂絶寰楄鏃犺亰鐨勪簤鏂楀揩鐐圭粨鏉熸墠琛岋紒
2023,鐪嬭捣鏉ュ緢寮卞搸
2031,鍒皬鐪嬩簡鎴戠殑鍔涢噺
2032,鎺ヤ笅鏉ュ氨鏄秴姘村钩鐨勬垬鏂椾簡..锛?
2033,鍠?.绔熸暍鍚戞垜鎸戞垬鍟?.閭ｆ垜灏变韩鍙椾竴闃靛瓙鍚?
2041,浣犺兘鎾戝埌浠€涔堟椂鍊欏憿锛?
2042,璁╀綘瑙佽瘑涓€涓嬫垜鐨勬湳锛?
2043,鍝煎摷锛佽鎴戜韩鍙椾竴涓嬪惂锛?
2051,浣犵殑鍧熶笂璇ユ彃鍝竴绉嶈姳鍛锛?
2052,闈犳垜鐨勯瓍鍔涙潵涓€鍑诲繀鏉€锛?
2053,鏀鹃┈杩囨潵鍚э紒
2061,鎴戠粷瀵?..缁濆涓嶄細杈撶殑...锛?
2062,灏辫浣犵灖鐬э紒濂充汉鐨勬墽鐫€锛佸拰灏戝コ鐨勫績锛?
2063,寮€浠€涔堢帺绗戝晩~锛侊紒锛堣繖鍙ユ湁鐐瑰樁鍝戯紝涓嶆槸寰堝ソ鍚紝鏈€濂藉埆閰嶇疆浜喡仿仿凤級
2071,鎴戠湡鐨勭敓姘斾簡锛?
2072,灏辫浣犺璇嗕竴涓?..鎴戣鐪熺殑妯℃牱鍚?..锛?
2073,涓嶅噯鏀炬按锛佽璁ょ湡鍦拌窡鎴戞墦涓€鍦哄惂锛?
2081,濂藉ソ瑙佽瘑涓€涓嬶紝鍦ㄤ笅鐨勪俊蹇靛惂锛?
2082,铏藉睘鍍秺锛屼絾瀹瑰湪涓嬬敤鍒€娴嬭瘯涓€涓嬩綘鐨勪俊蹇靛惂
2083,鐜板湪姝ｆ槸鍦ㄦ垬鍦轰笂灞曠幇鑳镐腑鈥滀俊蹇冣€濈殑鏃舵満
2091,鎴戞病鍔炴硶鎵嬩笅鐣欐儏浜嗗枖
2092,鎴戜細鎸夌収鑷繁鐨勯鏍硷紝鎯虫€庝箞鍋氬氨鎬庝箞鍋?
2093,浣犳病鏈夋湭鏉ャ€傚氨鍦ㄨ繖閲屼抚鍛藉惂
2101,鎴戜粠鍦扮嫳鍥炴潵浜嗭紒
2102,浣犲簲璇ョ煡閬?.鎸″湪鎴戝墠闈唬琛ㄤ粈涔堝惂
2103,鎵嬭噦..韬綋锠㈣牏娆插姩..鏉ュ惂..蹇偣寮€濮嬪惂
2111,鏈€濂戒笉瑕佸お灏忕湅鎴戝摝~
2112,鎴戣璁ょ湡浜嗭紒
2113,鎵句笂闂ㄧ殑鎸戞垬灏卞繀椤诲交搴曡В鍐?
2121,涔熻鎴戝姞鍏ュ惂锛?
2122,杞埌鎴戝嚭鍦哄挴銆?
2123,閭ｄ箞..灏辨潵澶ч椆涓€鍦哄惂锛?
2131,澶繃缇庝附灏变細鎴愪负瀚夊涓庣尽鎱曠殑鐩爣鍟婏紒
2132,涓嶇敤搴熻瘽锛岀棝鎵佷竴椤垮氨瀵逛簡锛?
2133,鍗庝附鍒烘縺锛佹垜浼氬湪鎴樺満涓婄唤鏀捐姳鏈碉紒
2141,濡傛灉浠ヤ负鍙互璧㈣繃鎴戯紝閭ｅ彲灏卞ぇ閿欑壒閿欎簡锛?
2142,鎶婁綘鍚瑰埌澶ц€佽繙鐨勫湴鏂瑰幓鍛︼紒
2143,鍡瘇锛佸繊鍏锋渶妫掍簡锛佹垜涔熸槸鏈€妫掔殑锛?
2151,鍒湅鎴戣繖鏍凤紝鎴戣繕鎸哄己鐨勫枖
2152,濡傛灉涓嶆墜涓嬬暀鎯呯殑璇濓紝浼氳璁ㄥ帉鍚?
2153,杩欑鏃跺€?..璇ュ仛鍑轰粈涔堣〃鎯呮墠濂藉憿锛?
2161,浣犲皢鍦ㄦ鑵愭溄...鐢辨垜浜叉墜閫佽懍
2162,涓嶇鏄粈涔堜汉閮戒笉鏄垜鐨勫鎵?
2163,杞急鏃犲姏鐨勪汉鍒珯鍦ㄦ垜闈㈠墠
2171,鎵嬫湳鐨勬椂闂村埌浜?
2172,浣?.鎬曟垜涔堬紵
2173,璁╂垜鍒嗘瀽涓€涓嬪悇绉嶈祫鏂欏惂
2181,寮€浠€涔堢帺绗戯紒
2182,鑷繁鐨勯亾璺闈犺嚜宸辫蛋锛佹鍥犲姝わ紝鎴戞墠浼氬彉寮虹殑锛?
2183,鎴戝凡缁忎笉鏄?..浠ュ墠鐨勬垜浜?
2191,缁撳鏃舵満..寤惰繜浜?.锛?
2192,璁╀綘闈欓潤鍦版矇鐫?.灏卞儚铻嶅寲涓€鏍?
2193,璁╂垜鍛婅瘔浣?.浠€涔堟槸鏉€鎰忎笌鎭愭儳鐨勫す缂濆惂
2201,鐜板湪灏辨妸鎴戠殑鐏箣鎰忓織浼犺揪缁欎綘锛?
2202,鑲╄礋璧锋柊鏃朵唬鐨勶紝鏄勾杞荤殑鐏箣鎰忓織浠紒
2203,鎴戜細瀹堟姢鐝嶇埍鏉戝瓙銆佺浉淇℃垜鐨勪汉锛佽繖灏辨槸鐏奖鐨勪换鍔★紒
2211,鍢匡紒鏄湅璧锋潵寰堝急鐨勫鎵嬪槢锛?
2212,璁╂垜鏁欐暀浣犱綍涓烘亹鎬栧惂
2213,鑰佹棭灏辩湅寰楀嚭鑳滆礋浜?
2221,鍝硷紝鎴戜竴姝ヤ篃涓嶆墦绠楅€€璁╁枖
2222,涓轰簡淇濇姢閲嶈鐨勪汉锛屾垜浼氭尯韬垬鏂楋紒
2223,娌″姙娉曡姳澶鏃堕棿锛岃鎴戜竴鐬棿鏂╁€掍綘
2231,鍢匡紒鏄湅璧锋潵寰堝急鐨勫鎵嬪槢锛?
2232,鏈哄叧鐘舵€佹瀬浣?.閭ｄ箞锛屽紑濮嬪惂
2233,鑰佹棭灏辩湅寰楀嚭鑳滆礋浜?
2241,涓嶈兘琚湅瑙?.鎴戠嫾鐙堢殑妯℃牱...锛?
2242,寰椼€佸緱鍔姏鎵嶈浜嗭紒
2243,鎴戝悜鏉ラ兘鏄湁璇濈洿璇?..锛?
2251,浣犳槸鎴戠殑鐚庣墿.鎴戜笉浼氭斁杩囦綘
2252,鏃㈢劧鍐茬潃鎴戞潵...閭ｆ垜涔熶笉浼氭墜涓嬬暀鎯?
2253,璁╀綘灏濆皾鎭愭€栫殑婊嬪懗
2261,鎴戜竴瀹氫細璧㈣繃浣狅紒锛?
2262,鍏夋槑姝ｅぇ鍦版墦涓€鍦哄惂锛?
2263,鐕冪儳璧锋潵鍟︼紒
2271,鍡€佸簲璇ヤ笉浼氳緭鍟?
2272,鎵撶牬瑙勫畾鐨勫浼欏氨鏄簾鐗?
2273,浼氭祦浜庝竴鏃剁殑鎯呮劅灏变笉閰嶅綋蹇嶈€?
2281,鎴戜竴瀹氫細璧紒锛?
2282,鎴戝喅瀹氫簡锛佹垜瑕佸潥鎸佽嚜宸辩殑蹇嶉亾锛?
2283,鎴戝悜鏉ラ兘鏄湁璇濈洿璇达紝杩欏氨鏄垜鐨勫繊閬擄紒
2291,鍒版椂浼氭病浜哄埗寰椾綇鎴戝摝~
2292,鍢垮樋..涔呰繚鐨勭儹琛€娌歌吘浜?..锛?
2293,瑕佷笂鍜紒璧や父锛?
2301,绔熺劧鏁㈣窡鎴戝宄欙紝鑳嗗瓙寰堝ぇ鍢?.
2302,娌℃湁浠讳綍浜鸿兘闃绘鎴戯紒
2303,鑳藉綋鎴戠殑瀵规墜锛屼綘搴旇瑕佽寰楀厜鑽?
2311,鏃ュ悜鏄湪鍙舵渶寮虹殑涓€鏃忥紒
2312,涓嶇鏄粈涔堟牱鐨勫繊鑰咃紝閮介€冧笉杩囨垜鐨勭櫧鐪?
2313,娌℃湁鎴戠湅涓嶉€忕殑涓滆タ
2321,鑰佹槸閫冮伩锛屾槸鏃犳硶鍓嶈繘鐨勶紒
2322,鍜屾垜涓€璧风珯璧锋潵鍚э紝楦ｄ汉锛?
2323,璁板ソ浜嗭紒鏃ュ悜鏄湪鍙舵潙鏈€寮虹殑涓€鏃忥紒
2331,濡傛灉涓嶇浉淇¤嚜宸憋紝涔熶笉浼氭湁鑳滃埄涔嬮亾锛?
2332,濂藉ソ鐪嬬潃鍚э紒闃垮嚡鑰佸笀锛?
2333,鐜板湪姝ｆ槸...鎴戝潥鎸佽嚜宸卞繊閬撶殑鏃跺€欙紒
2341,濡傛灉浠ヤ负鎴戝緢娓╂煍鐨勮瘽锛岄偅灏卞ぇ閿欑壒閿欏摝
2342,鏃㈢劧瑕佹垬鏂楋紝閭ｆ垜灏辨嬁鍑虹湡鏈簨鑾疯儨
2343,韬负闃熼暱锛屽緱璁╀汉鐪嬪埌鏈€鏈夊▉涓ョ殑涓€闈㈡墠琛屽憿
2351,浣犵殑鏈潵...灏卞彧鏈夋浜?
2352,鎴戜篃鏈変笉鑳芥斁寮冪殑鐩爣锛屼笉浼氳繖涔堣交鏄撳氨琚墦鍊掔殑
2353,蹇冮噷鐨勬礊鍏朵粬浜轰細甯垜浠妸瀹冭ˉ涓婄殑..
2361,鐜板湪鐨勪綘..鐪熸槸铔笉閿欑殑鍛?
2362,鍑勫噳鍦板噵闆跺惂锛?
2363,娌℃湁浜鸿兘鍙嶆姉鎴?
2371,瑕佹寫鎴樻垜鍚?.鏃㈢劧濡傛锛屾垜涔熷彧鑳芥帓闄や綘浜?
2372,蹇洖鏉?.鍗充娇鏄幇鍦ㄧ殑浣狅紝搴旇涔熻兘鐪嬪緱鍒板井灏忕殑鍏夋槑
2373,鎴戞潵淇濇姢杩欎釜鏉戝瓙
2381,濡傛灉鎯宠绛惧悕鐨勮瘽锛屾垜涔熷彲浠ュ府浣犵鍝?
2382,鍧氭寔瀹炵幇鑷繁鎵€璇寸殑璇濓紝涓嶈鎵洸淇″康锛岄偅灏辨槸鎴戠殑蹇嶉亾
2383,鎷夐潰锛屾媺闈紒
2391,鎴戞湁璧屼笂鎬у懡..涔熻淇濇姢鐨勪笢瑗匡紒
2392,濡傛灉鏄綘锛屽簲璇ュ彲浠ユ壘鍒扮瓟妗?
2393,鍙鎴戞湁閲嶈鐨勪笢瑗匡紝鎴戝氨涓嶄細杈?
2401,涓嶇鍝釜鏃朵唬閮芥湁鎴樻枟..浣嗘槸锛岃繖鏄渶鍚庝竴鍦轰簡锛侊紒
2402,鎴戠浉淇′繚鎶ゆ潙瀛愭槸淇濇姢澶у銆佸繊鑰呬互鍙婂瀛愮殑鏈€濂芥柟寮?.锛?
2403,鍚惧悕鍗冩墜鏌遍棿..锛佸嵆涓哄垵浠ｄ箣鐏奖锛?
2411,浣犵殑鐢熷懡寰堝揩瑕佺粨鏉熶簡
2412,娌℃湁甯屾湜涔熸病鏈夊厜鏄庯紝鏈夌殑鍙湁缁濇湜
2413,鎴戞槸杩欎笘鐣岀殑缁熸不鑰?.娌℃湁浜鸿兘璧㈢殑浜嗘垜
2421,鑰佸笀鏇剧粡鍛婅瘔鎴戯紒蹇嶉亾鏄病鏈夋嵎寰勭殑锛?
2422,鏉ュ晩鏉ュ晩锛佽窡鎴戝ソ濂芥墦涓€鍦哄惂锛?
2423,浣犺繖绉嶅浼欙紝椹笂浼氳鎴戞墦鍒伴€佸尰鍟︼紒
2431,宸茬粡鍑嗗濂戒簡锛岄偅鎴戜滑寮€濮嬪惂
2432,浣犲凡缁忔槸鐡腑涔嬮硸浜嗐€傛帴涓嬫潵鍙兘浠绘垜鎽嗗竷
2433,鎸戞垬鎴戠殑杩欎唤濂藉蹇冿紝浼氳浣犳鍚戞瘉鐏紒
2441,鍞夛紝鑲氬瓙楗夸簡..
2442,璋侊紵锛佸垰鎵嶉獋鎴戞槸鑲ョ尓鐨勶紒
2443,鍛滃摝锛佷赴婊＄郴涓囧瞾锛侊紒
2451,鍋跺皵涔熸嬁鍑哄共鍔叉潵鍚?
2452,鍟娾€斺€斿晩...鐪熺尽鎱曚簯..鐪熺殑濂借嚜鐢卞摝
2453,鏄槸鏄紝鎴戝仛灏辨槸浜?
2461,涓嶇鏄粈涔堟牱鐨勫鎵嬶紝閮戒笉鑳芥帀浠ヨ交蹇?
2462,鏃舵椂淇濇寔鍐烽潤锛屾墠鏄€氬線鑳滃埄鐨勬嵎寰?
2463,鎴戣鍏ㄥ績鍏ㄦ剰鍦版墦鍊掍綘
2471,涓嶅繀瀹㈡皵锛屾斁椹繃鏉ュ惂锛?
2472,缁欐垜鍒拌蛋寤婂幓缃氱珯锛?
2473,鎺ヤ笅鏉ユ槸鐗瑰埆涓汉鎸囧鏃堕棿锛屾垜浼氬ソ濂芥暀鑲蹭綘鐨勶紒
2481,鍝煎摷..鎴戝畬鍏ㄤ笉瑙夊緱鑷繁浼氳緭锛?
2482,鎴戣鐢ㄦ垜鑷繁鐨勬柟寮?..鍒Θ纰嶆垜
2483,鏈夎叮..涓婂惂...
2491,绯熺硶..濂藉儚鏈夌偣澶樉鐪间簡
2492,鎴戜笉浼氭墜涓嬬暀鎯呫€傝繖鏄瀵规墜鐨勭ぜ浠?
2493,杩欏満鎴樻枟涔熸病鏈夐棶棰?
2501,鍛靛懙鍛靛懙鍛靛懙..涓嶇敤瀹虫€曘€傛潵锛屽姩鎵嬪惂
2502,璁╀綘闈欓潤鍦版矇鐫?.灏卞儚铻嶅寲涓€鏍?
2503,璁╂垜鍛婅瘔浣?.浠€涔堟槸鏉€鎰忎笌鎭愭儳鐨勫す缂濆惂
2511,鍒皬鐪嬫垜鍟婏紒
2512,鍢诲樆鍢?.鍏村璧锋潵浜?.锛?
2513,灏忓績鎴戞弽浣犲枖锛?
2521,灏忕湅鎴戠殑璇濓紝浼氫粯鍑烘儴鐥涚殑浠ｄ环鍝︼紒
2522,鎴戝績涓殑鐨勭儹琛€姝ｅ湪鐕冪儳锛?
2523,鎴戠埍浣?
2531,鎴樻枟缁撴潫鍚庯紝鐑よ倝鍦ㄧ瓑鐫€鎴戝晩锛?
2532,鎴戜笉浼氬啀鍋滀笅鑴氭浜嗭紝鎴戜細涓嶆柇鍚戝墠杩涳紒
2533,鍛滃枖鍠斿枖锛佹垜灏辨槸涓版弧绯荤敺瀛愬暒锛?
2541,濡傛灉鎯虫墦鍊掓垜灏卞幓鎭?.鍘绘啂鎭跺惂
2542,鏀惧純鍚?.浣犺繛涓囧垎涔嬩竴鐨勮儨绠楅兘娌℃湁
2543,鍛婅瘔浣犱粈涔堝彨鏃犻檺鐨勬亹鎬?
2551,涓嶄細璁╀綘闃绘尃鎴戜滑鐨勶紒
2552,鎴戝彲涓嶆兂杩囩潃鎸佺画閫冮伩鐨勯夯鐑︿汉鐢熷憖
2553,涓轰簡鎺ヤ笅鏉ョ殑涓栦唬锛屽緱鎴愪负甯呮皵鐨勫ぇ浜烘墠琛岋紒
2561,鎴戜細璧屼笂鎬у懡瀹堟姢鏈ㄥ彾蹇嶈€呮潙锛?
2562,鍒皬鐪嬬伀涔嬫剰蹇楀晩锛?
2563,鍛靛懙锛佽鎸戞垬鎴戝闄紒
2571,闅忕潃杩欓浄楦ｄ竴璧锋鍚э紒
2572,闃绘尃鎴戠殑瀹朵紮鍏ㄩ兘寰楁
2573,杩欏弻鐪煎拰蹇嶆湳锛屼竴鍒囧姏閲忛兘鏄负浜嗗浠囷紒
2581,鍝庡憖璇风◢浣滅暀姝?
2582,鏀朵綘涓哄緬寮熺湡鏄お濂戒簡锛?
2583,鎴戝氨绋嶅井闄綘涓€涓嬪惂
2591,鐜板湪姝ｆ槸鏈€楂樻疆鐨勬椂鍒伙紒
2592,鐑娌歌吘鍚э紒璁╁郊姝ょ殑鐑鎿﹀嚭鐏姳锛?
2593,鎴戠幇鍦ㄦ鐕冪儳鍒版渶楂樼偣鍝?
2601,浣犱互涓哄彲浠ュ嚮璐ユ垜涔堬紵
2602,鏈ㄥ彾椋樿垶涔嬪鐏劙鐕冪儳
2603,涓嶇杩囧幓杩樻槸鏈潵锛屽叏鏄负浜嗗勾杞荤殑鐏箣鎰忓織锛?
2611,鍛靛懙鍛靛懙鍛靛懙..涓嶇敤瀹虫€曘€傛潵锛屽姩鎵嬪惂
2612,璁╂垜鍛婅瘔浣?.浠€涔堟槸鏉€鎰忎笌鎭愭儳鐨勫す缂濆惂
2613,璁╀綘闈欓潤鍦版矇鐫?.灏卞儚铻嶅寲涓€鏍?
2621,绮惧僵鐨勫伓鎴忚寮€濮嬩簡锛?
2622,鍝堝搱锛侊紒
2623,鏉ュ惂锛岃鎴戞潵濂藉ソ鐨勭柤鐖变綘涓€鐣惂
2631,閭ｄ箞..濡傛灉鑳藉綋涓ソ瀵规墜灏卞ソ浜?
2632,姣棤淇濈暀鍦版斁椹繃鏉ュ惂銆傛垜涔熶細鎶辩潃杩欑鍐冲績杩涙敾
2633,涓轰簡鑾疯儨鎴戝彂瑾撳皢绔敖鎵€鑳?
2641,閭ｄ箞..濡傛灉鑳藉綋涓ソ瀵规墜灏卞ソ浜?
2642,姣棤淇濈暀鍦版斁椹繃鏉ュ惂銆傛垜涔熶細鎶辩潃杩欑鍐冲績杩涙敾
2643,涓轰簡鑾疯儨鎴戝彂瑾撳皢绔敖鎵€鑳?
2651,鐪嬫潵浣犵殑瑙夋偀鏄湪鏄笉澶
2652,鍙嶆鎴戜篃鏈夌偣鏃犺亰锛屾病鍔炴硶..灏遍櫔浣犳墦涓€鍦哄惂
2653,鍙埆浠ヤ负鎴戝彧鏄櫘閫氬繊鑰呭摝锛熶綘浼氬皾鍒拌嫤澶寸殑
2661,鐪嬫潵娌″姙娉曞啀鎳掍笅鍘讳簡..锛?
2662,鍟婏紝鐪熸噿寰楀姩..锛?
2663,浣犵殑鍋囬潰鎴栬浼氳鎴戝墺涓嬪枖
2671,璺熸渶寮虹殑澶х埛浜ゆ墜锛屼綘鐨勫懡杩愭槸澶у嚩锛屽晩~锛?
2672,Comeon锛宑heck it out yo
2673,鑷繁寮€鎷撴湭鏉ワ紒涓嬪畾鍐冲績锛?
2681,绔熺劧鏁㈡寫鎴樻垜锛岃儐瀛愬緢澶у槢
